Date,Invoice,ProductName,Category,Quantity,Sales,current_price,competitor_price,Rating,CustomerID,RecencyDays,FrequencyMonths,MonetaryValue
2024-01-04,INV-00305,Massage Gun,Health,5,23125.8,4625.16,4771.42,4.3,CUST-010,36,3.2,38374.1
2024-01-04,INV-00305,Smart Home Hub,Electronics,4,13001.24,3250.31,2912.97,4.0,CUST-010,36,3.2,38374.1
2024-01-04,INV-00305,Winter Jacket,Apparel,2,4629.68,2314.84,2392.28,3.9,CUST-010,36,3.2,38374.1
2024-01-05,INV-00168,Webcam HD,Electronics,4,5481.28,1370.32,1318.23,4.2,CUST-012,46,12.9,24941.59
2024-01-05,INV-00168,Coffee Beans Pack,Food,3,1904.67,634.89,707.87,3.5,CUST-012,46,12.9,24941.59
2024-01-05,INV-00168,Jump Rope,Health,5,1309.0,261.8,285.47,4.6,CUST-012,46,12.9,24941.59
2024-01-05,INV-00168,Sofa,Home,1,5000.0,5000,5000,3.9,CUST-012,46,12.9,24941.59
2024-01-07,INV-00242,Noise Cancelling Earbuds,Electronics,3,7449.42,2483.14,2635.19,4.6,CUST-002,32,4.1,29985.91
2024-01-07,INV-00242,Yoga Mat,Health,2,2629.46,1314.73,1387.52,3.9,CUST-002,32,4.1,29985.91
2024-01-07,INV-00242,Multivitamin Capsules,Health,2,1031.42,515.71,468.41,4.6,CUST-002,32,4.1,29985.91
2024-01-07,INV-00322,Knit Sweater,Apparel,4,6960.6,1740.15,1859.39,4.1,CUST-009,104,3.2,18059.35
2024-01-07,INV-00322,Herbal Honey,Food,5,1675.4,335.08,311.44,3.9,CUST-009,104,3.2,18059.35
2024-01-07,INV-00322,Coffee Table,Home,2,10000.0,5000,5000,3.7,CUST-009,104,3.2,18059.35
2024-01-08,INV-00013,Running Shoes,Apparel,1,2867.66,2867.66,2980.57,4.1,CUST-018,99,5.1,5032.1
2024-01-08,INV-00013,Sports Shorts,Apparel,1,664.04,664.04,702.56,4.1,CUST-018,99,5.1,5032.1
2024-01-09,INV-00153,Herbal Honey,Food,3,1045.44,348.48,361.84,3.9,CUST-010,36,3.2,38374.1
2024-01-09,INV-00153,Water Bottle 1L,Health,5,2264.65,452.93,448.41,3.9,CUST-010,36,3.2,38374.1
2024-01-09,INV-00153,Laptop Stand,Electronics,1,831.64,831.64,915.43,4.5,CUST-010,36,3.2,38374.1
2024-01-12,INV-00141,Running Shoes,Apparel,1,1915.55,1915.55,1896.47,4.9,CUST-010,36,3.2,38374.1
2024-01-12,INV-00141,Bluetooth Headphones,Electronics,4,6548.32,1637.08,1392.69,3.8,CUST-010,36,3.2,38374.1
2024-01-12,INV-00141,Smart Home Hub,Electronics,4,9913.44,2478.36,2578.25,4.1,CUST-010,36,3.2,38374.1
2024-01-12,INV-00141,Portable Speaker,Electronics,4,6730.52,1682.63,1860.65,4.1,CUST-010,36,3.2,38374.1
2024-01-12,INV-00263,USB-C Hub,Electronics,5,3528.5,705.7,619.63,3.7,CUST-014,16,14.6,16384.31
2024-01-12,INV-00263,Bookshelf,Home,4,10418.36,2604.59,2509.0,4.4,CUST-014,16,14.6,16384.31
2024-01-13,INV-00376,Whey Protein,Health,5,7752.6,1550.52,1497.3,4.0,CUST-004,76,6.9,3132.29
2024-01-13,INV-00376,Olive Oil Extra Virgin,Food,5,4604.3,920.86,876.7,4.5,CUST-004,76,6.9,3132.29
2024-01-13,INV-00376,Foam Roller,Health,3,4049.34,1349.78,1453.36,4.5,CUST-004,76,6.9,3132.29
2024-01-15,INV-00328,Smartphone Charger,Electronics,1,475.69,475.69,473.77,4.5,CUST-020,59,9.9,15863.62
2024-01-15,INV-00328,Quinoa 1kg,Food,5,2869.4,573.88,619.99,4.8,CUST-020,59,9.9,15863.62
2024-01-16,INV-00251,External SSD,Electronics,3,13586.61,4528.87,4772.42,4.5,CUST-022,90,14.1,26625.34
2024-01-16,INV-00251,Smart Home Hub,Electronics,3,11876.85,3958.95,4057.15,4.9,CUST-022,90,14.1,26625.34
2024-01-16,INV-00251,Mixed Nuts Pack,Food,1,420.77,420.77,370.67,3.5,CUST-022,90,14.1,26625.34
2024-01-16,INV-00251,Herbal Honey,Food,3,1621.98,540.66,596.45,3.8,CUST-022,90,14.1,26625.34
2024-01-16,INV-00315,Yoga Mat,Health,3,3716.43,1238.81,1299.61,3.7,CUST-005,28,4.3,24876.71
2024-01-16,INV-00315,Leather Belt,Apparel,5,2378.85,475.77,437.8,4.4,CUST-005,28,4.3,24876.71
2024-01-17,INV-00154,Hooded Sweatshirt,Apparel,2,2623.46,1311.73,1358.04,3.6,CUST-021,48,6.0,27466.66
2024-01-17,INV-00301,Wall Clock,Home,2,1252.76,626.38,555.98,4.5,CUST-004,76,6.9,3132.29
2024-01-17,INV-00301,Area Rug,Home,1,3947.9,3947.9,3791.72,4.0,CUST-004,76,6.9,3132.29
2024-01-17,INV-00301,Organic Green Tea,Food,1,439.56,439.56,455.74,4.7,CUST-004,76,6.9,3132.29
2024-01-17,INV-00301,Running Shoes,Apparel,3,4651.95,1550.65,1457.72,3.6,CUST-004,76,6.9,3132.29
2024-01-19,INV-00068,Protein Powder,Food,2,3750.2,1875.1,2011.43,5.0,CUST-018,99,5.1,5032.1
2024-01-19,INV-00068,Whey Protein,Health,3,7582.14,2527.38,2298.99,4.6,CUST-018,99,5.1,5032.1
2024-01-19,INV-00354,Smart Watch,Electronics,4,9463.84,2365.96,2387.64,4.9,CUST-001,82,2.6,30178.92
2024-01-19,INV-00354,Dark Chocolate Bar,Food,2,737.78,368.89,388.81,4.9,CUST-001,82,2.6,30178.92
2024-01-19,INV-00354,USB-C Hub,Electronics,4,2399.32,599.83,645.1,4.9,CUST-001,82,2.6,30178.92
2024-01-21,INV-00056,Sofa,Home,1,5000.0,5000,5000,3.6,CUST-020,59,9.9,15863.62
2024-01-21,INV-00056,Floor Lamp,Home,1,1514.96,1514.96,1492.17,5.0,CUST-020,59,9.9,15863.62
2024-01-21,INV-00319,Sofa,Home,4,20000.0,5000,5000,3.7,CUST-013,104,1.6,19458.15
2024-01-21,INV-00319,Curtain Set,Home,2,2403.26,1201.63,1205.88,4.2,CUST-013,104,1.6,19458.15
2024-01-21,INV-00319,USB-C Hub,Electronics,2,1894.42,947.21,987.82,4.7,CUST-013,104,1.6,19458.15
2024-01-21,INV-00319,Denim Jeans,Apparel,4,7087.68,1771.92,1585.74,4.0,CUST-013,104,1.6,19458.15
2024-01-22,INV-00381,Quinoa 1kg,Food,3,1596.36,532.12,491.85,4.0,CUST-016,114,13.1,23939.38
2024-01-22,INV-00381,Winter Jacket,Apparel,3,10951.71,3650.57,3276.55,4.1,CUST-016,114,13.1,23939.38
2024-01-22,INV-00381,Desk Chair,Home,1,5000.0,5000,5000,4.6,CUST-016,114,13.1,23939.38
2024-01-22,INV-00417,Running Shoes,Apparel,3,8370.36,2790.12,2451.02,4.6,CUST-018,99,5.1,5032.1
2024-01-22,INV-00417,Sofa,Home,2,10000.0,5000,5000,4.2,CUST-018,99,5.1,5032.1
2024-01-23,INV-00267,Smart Home Hub,Electronics,5,16694.95,3338.99,3464.93,3.6,CUST-012,46,12.9,24941.59
2024-01-23,INV-00267,Herbal Honey,Food,1,352.75,352.75,330.86,3.9,CUST-012,46,12.9,24941.59
2024-01-23,INV-00267,Dark Chocolate Bar,Food,1,365.82,365.82,341.64,4.4,CUST-012,46,12.9,24941.59
2024-01-23,INV-00267,Casual Sneakers,Apparel,3,3322.65,1107.55,1208.17,4.1,CUST-012,46,12.9,24941.59
2024-01-23,INV-00309,Noise Cancelling Earbuds,Electronics,1,3197.09,3197.09,2800.85,3.9,CUST-015,71,5.1,25888.31
2024-01-23,INV-00309,Formal Shirt,Apparel,3,3643.65,1214.55,1359.35,3.5,CUST-015,71,5.1,25888.31
2024-01-24,INV-00031,Desk Chair,Home,1,5000.0,5000,5000,4.2,CUST-001,82,2.6,30178.92
2024-01-24,INV-00031,Coffee Table,Home,2,10000.0,5000,5000,4.2,CUST-001,82,2.6,30178.92
2024-01-24,INV-00355,Organic Green Tea,Food,1,240.35,240.35,240.04,4.2,CUST-020,59,9.9,15863.62
2024-01-24,INV-00355,Webcam HD,Electronics,1,1063.21,1063.21,1133.98,3.7,CUST-020,59,9.9,15863.62
2024-01-27,INV-00134,Leather Belt,Apparel,1,728.37,728.37,807.98,4.9,CUST-008,36,12.3,2246.95
2024-01-27,INV-00411,Curtain Set,Home,3,2861.22,953.74,992.97,4.4,CUST-001,82,2.6,30178.92
2024-01-27,INV-00411,Dark Chocolate Bar,Food,2,346.52,173.26,186.82,4.8,CUST-001,82,2.6,30178.92
2024-01-29,INV-00001,Running Shoes,Apparel,2,2986.36,1493.18,1497.1,3.6,CUST-011,44,2.4,16437.24
2024-01-29,INV-00001,Sports Shorts,Apparel,1,862.32,862.32,901.37,4.5,CUST-011,44,2.4,16437.24
2024-02-02,INV-00009,Bed Frame,Home,1,4500.0,5000,5000,3.5,CUST-008,36,12.3,2246.95
2024-02-02,INV-00009,Area Rug,Home,1,2812.83,3125.37,2930.14,4.8,CUST-008,36,12.3,2246.95
2024-02-02,INV-00078,Bed Frame,Home,3,13500.0,5000,5000,4.1,CUST-021,48,6.0,27466.66
2024-02-02,INV-00078,Area Rug,Home,2,3477.56,1931.98,1762.61,3.7,CUST-021,48,6.0,27466.66
2024-02-02,INV-00406,Resistance Bands Set,Health,5,5063.18,1125.15,1018.95,4.6,CUST-010,36,3.2,38374.1
2024-02-02,INV-00406,Floor Lamp,Home,5,6492.6,1442.8,1553.31,3.9,CUST-010,36,3.2,38374.1
2024-02-02,INV-00406,Hooded Sweatshirt,Apparel,3,4924.69,1823.96,1703.23,4.0,CUST-010,36,3.2,38374.1
2024-02-03,INV-00120,Hooded Sweatshirt,Apparel,2,2411.33,1339.63,1376.18,5.0,CUST-003,87,11.4,22723.93
2024-02-03,INV-00120,Organic Green Tea,Food,3,1055.0,390.74,409.68,3.7,CUST-003,87,11.4,22723.93
2024-02-03,INV-00120,Track Pants,Apparel,2,1804.59,1002.55,1018.45,4.1,CUST-003,87,11.4,22723.93
2024-02-04,INV-00382,Bookshelf,Home,1,3487.21,3874.68,4065.06,4.1,CUST-016,114,13.1,23939.38
2024-02-04,INV-00382,Desk Chair,Home,5,22500.0,5000,5000,3.6,CUST-016,114,13.1,23939.38
2024-02-04,INV-00382,Yoga Mat,Health,2,1964.57,1091.43,959.65,3.6,CUST-016,114,13.1,23939.38
2024-02-04,INV-00389,Coffee Beans Pack,Food,3,3278.04,1214.09,1273.3,3.8,CUST-019,30,13.1,16444.8
2024-02-07,INV-00253,Floor Lamp,Home,2,2111.8,1173.22,1084.05,3.7,CUST-018,99,5.1,5032.1
2024-02-07,INV-00253,Running Shoes,Apparel,4,8204.04,2278.9,2095.4,4.0,CUST-018,99,5.1,5032.1
2024-02-07,INV-00253,Noise Cancelling Earbuds,Electronics,5,13398.89,2977.53,2677.33,4.0,CUST-018,99,5.1,5032.1
2024-02-09,INV-00035,Mechanical Keyboard,Electronics,3,6154.65,2279.5,2249.42,3.6,CUST-015,71,5.1,25888.31
2024-02-09,INV-00035,Wireless Mouse,Electronics,1,409.45,454.95,421.97,3.6,CUST-015,71,5.1,25888.31
2024-02-09,INV-00035,USB-C Hub,Electronics,1,763.34,848.16,827.49,4.7,CUST-015,71,5.1,25888.31
2024-02-13,INV-00007,Yoga Mat,Health,3,4192.18,1552.66,1677.76,4.6,CUST-003,87,11.4,22723.93
2024-02-13,INV-00007,Foam Roller,Health,2,1284.8,713.78,724.11,4.3,CUST-003,87,11.4,22723.93
2024-02-13,INV-00191,Whey Protein,Health,1,1420.8,1578.67,1671.45,4.9,CUST-021,48,6.0,27466.66
2024-02-13,INV-00191,Portable Speaker,Electronics,4,5766.88,1601.91,1450.53,3.6,CUST-021,48,6.0,27466.66
2024-02-13,INV-00191,Massage Gun,Health,4,17201.45,4778.18,5000,3.5,CUST-021,48,6.0,27466.66
2024-02-14,INV-00336,Casual Sneakers,Apparel,3,5279.93,1955.53,1898.05,4.7,CUST-002,32,4.1,29985.91
2024-02-14,INV-00336,Organic Green Tea,Food,4,1515.38,420.94,417.2,4.4,CUST-002,32,4.1,29985.91
2024-02-14,INV-00336,Resistance Bands Set,Health,1,523.92,582.13,591.97,4.2,CUST-002,32,4.1,29985.91
2024-02-14,INV-00336,Curtain Set,Home,2,2979.83,1655.46,1607.91,4.9,CUST-002,32,4.1,29985.91
2024-02-15,INV-00312,Noise Cancelling Earbuds,Electronics,5,12652.52,2811.67,2449.06,4.0,CUST-018,99,5.1,5032.1
2024-02-15,INV-00312,Vitamin C Supplement,Health,3,1371.84,508.09,438.64,4.0,CUST-018,99,5.1,5032.1
2024-02-16,INV-00108,Coffee Beans Pack,Food,3,3598.94,1332.94,1310.97,3.9,CUST-014,16,14.6,16384.31
2024-02-16,INV-00108,Resistance Bands Set,Health,1,1063.09,1181.21,1060.72,4.8,CUST-014,16,14.6,16384.31
2024-02-16,INV-00233,Resistance Bands Set,Health,2,1451.36,806.31,883.32,4.8,CUST-001,82,2.6,30178.92
2024-02-16,INV-00233,Desk Chair,Home,3,13500.0,5000,5000,4.6,CUST-001,82,2.6,30178.92
2024-02-16,INV-00233,Wall Clock,Home,3,1297.51,480.56,437.13,4.0,CUST-001,82,2.6,30178.92
2024-02-17,INV-00173,Sofa,Home,1,4500.0,5000,5000,4.6,CUST-025,119,10.0,23164.09
2024-02-17,INV-00173,Cotton T-Shirt,Apparel,1,442.18,491.31,466.93,4.7,CUST-025,119,10.0,23164.09
2024-02-17,INV-00173,Foam Roller,Health,4,3610.04,1002.79,1032.63,3.9,CUST-025,119,10.0,23164.09
2024-02-17,INV-00173,Formal Shirt,Apparel,5,6399.27,1422.06,1472.55,4.8,CUST-025,119,10.0,23164.09
2024-02-17,INV-00306,Desk Chair,Home,5,22500.0,5000,5000,4.7,CUST-010,36,3.2,38374.1
2024-02-17,INV-00306,Smart Home Hub,Electronics,5,10824.25,2405.39,2108.33,4.1,CUST-010,36,3.2,38374.1
2024-02-17,INV-00306,Portable Speaker,Electronics,4,5928.41,1646.78,1517.32,4.1,CUST-010,36,3.2,38374.1
2024-02-17,INV-00306,Sports Shorts,Apparel,5,3891.38,864.75,779.22,4.9,CUST-010,36,3.2,38374.1
2024-02-19,INV-00074,Desk Chair,Home,2,9000.0,5000,5000,3.6,CUST-021,48,6.0,27466.66
2024-02-19,INV-00074,Coffee Table,Home,2,7731.14,4295.08,4897.86,4.6,CUST-021,48,6.0,27466.66
2024-02-20,INV-00365,Knit Sweater,Apparel,2,2919.94,1622.19,1612.54,4.5,CUST-023,78,9.9,22297.32
2024-02-20,INV-00365,Portable Speaker,Electronics,4,3200.15,888.93,849.01,4.8,CUST-023,78,9.9,22297.32
2024-02-20,INV-00365,Mixed Nuts Pack,Food,2,1326.33,736.85,765.26,4.8,CUST-023,78,9.9,22297.32
2024-02-20,INV-00365,Storage Basket,Home,4,1711.94,475.54,447.77,4.6,CUST-023,78,9.9,22297.32
2024-02-21,INV-00144,Polo T-Shirt,Apparel,1,843.15,936.83,847.88,4.1,CUST-003,87,11.4,22723.93
2024-02-21,INV-00269,Sofa,Home,1,4500.0,5000,5000,3.7,CUST-006,72,3.8,26695.61
2024-02-21,INV-00269,Dark Chocolate Bar,Food,2,669.22,371.79,352.76,4.2,CUST-006,72,3.8,26695.61
2024-02-22,INV-00334,Wireless Mouse,Electronics,5,2112.53,469.45,459.15,4.0,CUST-002,32,4.1,29985.91
2024-02-22,INV-00334,Olive Oil Extra Virgin,Food,3,1985.66,735.43,700.31,3.7,CUST-002,32,4.1,29985.91
2024-02-22,INV-00334,Curtain Set,Home,5,8827.11,1961.58,1763.87,4.0,CUST-002,32,4.1,29985.91
2024-02-23,INV-00227,Cotton T-Shirt,Apparel,3,1657.18,613.77,629.96,4.7,CUST-014,16,14.6,16384.31
2024-02-24,INV-00351,Organic Green Tea,Food,2,492.64,273.69,301.37,4.5,CUST-021,48,6.0,27466.66
2024-02-24,INV-00351,Laptop Stand,Electronics,2,859.16,477.31,487.28,4.6,CUST-021,48,6.0,27466.66
2024-02-24,INV-00351,Portable Speaker,Electronics,4,6182.42,1717.34,1710.91,4.2,CUST-021,48,6.0,27466.66
2024-02-24,INV-00351,Desk Chair,Home,1,4500.0,5000,5000,4.3,CUST-021,48,6.0,27466.66
2024-02-25,INV-00225,USB-C Hub,Electronics,3,1797.53,665.75,609.0,4.2,CUST-022,90,14.1,26625.34
2024-02-25,INV-00324,Massage Gun,Health,4,15409.19,4280.33,4313.03,4.6,CUST-002,32,4.1,29985.91
2024-02-25,INV-00324,LED Desk Lamp,Electronics,3,1143.34,423.46,472.69,4.1,CUST-002,32,4.1,29985.91
2024-02-25,INV-00324,Cotton T-Shirt,Apparel,5,1944.23,432.05,443.7,3.6,CUST-002,32,4.1,29985.91
2024-02-25,INV-00324,Wall Clock,Home,3,1773.06,656.69,741.36,4.3,CUST-002,32,4.1,29985.91
2024-02-26,INV-00310,Polo T-Shirt,Apparel,3,2155.76,798.43,827.4,4.3,CUST-023,78,9.9,22297.32
2024-02-26,INV-00310,Wireless Mouse,Electronics,1,613.06,681.18,679.61,4.1,CUST-023,78,9.9,22297.32
2024-02-26,INV-00310,Noise Cancelling Earbuds,Electronics,1,3014.3,3349.22,3144.23,3.9,CUST-023,78,9.9,22297.32
2024-02-27,INV-00231,Summer Dress,Apparel,5,6683.31,1485.18,1568.12,3.8,CUST-016,114,13.1,23939.38
2024-02-27,INV-00231,Smart Watch,Electronics,5,20489.35,4553.19,4409.52,3.6,CUST-016,114,13.1,23939.38
2024-02-27,INV-00231,Wall Clock,Home,4,2797.16,776.99,767.52,3.7,CUST-016,114,13.1,23939.38
2024-02-27,INV-00231,Bluetooth Headphones,Electronics,1,2175.89,2417.65,2389.48,4.5,CUST-016,114,13.1,23939.38
2024-02-29,INV-00385,Whey Protein,Health,5,7814.84,1736.63,1894.81,4.3,CUST-003,87,11.4,22723.93
2024-02-29,INV-00385,Track Pants,Apparel,1,941.94,1046.6,1031.34,3.8,CUST-003,87,11.4,22723.93
2024-03-01,INV-00052,Sofa,Home,3,15000.0,5000,5000,3.8,CUST-008,36,12.3,2246.95
2024-03-01,INV-00052,Floor Lamp,Home,3,3195.06,1065.02,1055.6,5.0,CUST-008,36,12.3,2246.95
2024-03-03,INV-00292,Casual Sneakers,Apparel,1,1412.59,1412.59,1248.85,4.3,CUST-001,82,2.6,30178.92
2024-03-03,INV-00292,Vitamin C Supplement,Health,3,2072.88,690.96,723.02,4.9,CUST-001,82,2.6,30178.92
2024-03-04,INV-00121,Winter Jacket,Apparel,5,21088.95,4217.79,4802.6,4.8,CUST-002,32,4.1,29985.91
2024-03-04,INV-00121,LED Desk Lamp,Electronics,5,3112.25,622.45,659.07,3.9,CUST-002,32,4.1,29985.91
2024-03-05,INV-00208,Leather Belt,Apparel,2,1776.72,888.36,1000.85,4.8,CUST-007,70,6.9,19069.94
2024-03-06,INV-00022,Desk Chair,Home,1,4152.17,4152.17,4646.65,4.8,CUST-014,16,14.6,16384.31
2024-03-06,INV-00022,Coffee Table,Home,3,11232.36,3744.12,3474.21,4.8,CUST-014,16,14.6,16384.31
2024-03-06,INV-00199,Protein Powder,Food,5,11983.9,2396.78,2710.49,3.5,CUST-010,36,3.2,38374.1
2024-03-06,INV-00199,Foam Roller,Health,2,2380.48,1190.24,1270.31,4.5,CUST-010,36,3.2,38374.1
2024-03-06,INV-00237,Casual Sneakers,Apparel,4,7644.84,1911.21,1842.58,4.1,CUST-006,72,3.8,26695.61
2024-03-07,INV-00083,Multivitamin Capsules,Health,1,745.75,745.75,656.34,3.7,CUST-005,28,4.3,24876.71
2024-03-07,INV-00083,Vitamin C Supplement,Health,1,456.08,456.08,452.75,3.8,CUST-005,28,4.3,24876.71
2024-03-08,INV-00075,Desk Chair,Home,3,15000.0,5000,5000,4.9,CUST-007,70,6.9,19069.94
2024-03-08,INV-00075,Coffee Table,Home,2,10000.0,5000,5000,5.0,CUST-007,70,6.9,19069.94
2024-03-08,INV-00224,Protein Powder,Food,1,1236.75,1236.75,1298.76,4.1,CUST-008,36,12.3,2246.95
2024-03-08,INV-00224,Bookshelf,Home,5,20136.6,4027.32,4036.84,5.0,CUST-008,36,12.3,2246.95
2024-03-08,INV-00287,Wireless Mouse,Electronics,5,3655.7,731.14,739.89,4.9,CUST-005,28,4.3,24876.71
2024-03-08,INV-00287,Wall Clock,Home,5,3512.6,702.52,807.61,3.8,CUST-005,28,4.3,24876.71
2024-03-09,INV-00167,Mechanical Keyboard,Electronics,2,4624.0,2312.0,2264.18,4.4,CUST-022,90,14.1,26625.34
2024-03-09,INV-00167,Winter Jacket,Apparel,2,6107.04,3053.52,3085.03,4.3,CUST-022,90,14.1,26625.34
2024-03-09,INV-00167,Smartphone Charger,Electronics,4,1337.64,334.41,331.46,4.4,CUST-022,90,14.1,26625.34
2024-03-10,INV-00079,Bed Frame,Home,3,15000.0,5000,5000,4.9,CUST-018,99,5.1,5032.1
2024-03-10,INV-00079,Area Rug,Home,2,5219.08,2609.54,2336.57,4.5,CUST-018,99,5.1,5032.1
2024-03-10,INV-00308,Desk Chair,Home,1,5000.0,5000,5000,3.9,CUST-005,28,4.3,24876.71
2024-03-10,INV-00308,Knit Sweater,Apparel,1,1733.54,1733.54,1733.15,4.5,CUST-005,28,4.3,24876.71
2024-03-10,INV-00308,Wall Clock,Home,5,3221.0,644.2,625.98,4.5,CUST-005,28,4.3,24876.71
2024-03-10,INV-00308,Smartphone Charger,Electronics,4,1666.6,416.65,415.36,4.4,CUST-005,28,4.3,24876.71
2024-03-11,INV-00095,Bed Frame,Home,2,10000.0,5000,5000,4.6,CUST-025,119,10.0,23164.09
2024-03-11,INV-00095,Area Rug,Home,3,5748.03,1916.01,2034.03,4.3,CUST-025,119,10.0,23164.09
2024-03-11,INV-00117,Hooded Sweatshirt,Apparel,4,4195.8,1048.95,1024.56,4.9,CUST-019,30,13.1,16444.8
2024-03-11,INV-00117,Wall Clock,Home,2,967.2,483.6,493.7,5.0,CUST-019,30,13.1,16444.8
2024-03-11,INV-00117,Tablet Stand,Electronics,1,468.69,468.69,449.0,3.7,CUST-019,30,13.1,16444.8
2024-03-11,INV-00384,Formal Shirt,Apparel,2,2918.58,1459.29,1393.71,4.7,CUST-001,82,2.6,30178.92
2024-03-11,INV-00384,Knit Sweater,Apparel,5,11130.65,2226.13,2313.88,4.8,CUST-001,82,2.6,30178.92
2024-03-11,INV-00384,Yoga Pants,Apparel,4,4774.8,1193.7,1255.0,4.2,CUST-001,82,2.6,30178.92
2024-03-13,INV-00164,Winter Jacket,Apparel,4,12798.68,3199.67,3159.72,4.0,CUST-024,32,3.3,16419.31
2024-03-13,INV-00164,Polo T-Shirt,Apparel,3,2103.78,701.26,617.33,4.5,CUST-024,32,3.3,16419.31
2024-03-13,INV-00164,Noise Cancelling Earbuds,Electronics,2,5704.16,2852.08,3293.87,4.3,CUST-024,32,3.3,16419.31
2024-03-13,INV-00386,Winter Jacket,Apparel,1,4419.29,4419.29,4733.86,3.6,CUST-023,78,9.9,22297.32
2024-03-13,INV-00386,Noise Cancelling Earbuds,Electronics,1,3197.19,3197.19,2774.75,3.5,CUST-023,78,9.9,22297.32
2024-03-14,INV-00178,Area Rug,Home,2,3088.02,1544.01,1499.32,4.4,CUST-022,90,14.1,26625.34
2024-03-15,INV-00133,USB-C Hub,Electronics,2,2344.82,1172.41,1222.93,3.8,CUST-025,119,10.0,23164.09
2024-03-15,INV-00133,Jump Rope,Health,2,754.46,377.23,378.6,3.7,CUST-025,119,10.0,23164.09
2024-03-15,INV-00133,Portable Speaker,Electronics,5,7503.6,1500.72,1374.76,3.8,CUST-025,119,10.0,23164.09
2024-03-15,INV-00291,Running Shoes,Apparel,3,5507.31,1835.77,1688.2,4.7,CUST-025,119,10.0,23164.09
2024-03-16,INV-00098,Laptop Stand,Electronics,1,566.38,566.38,623.24,3.8,CUST-021,48,6.0,27466.66
2024-03-16,INV-00098,Running Shoes,Apparel,5,12175.6,2435.12,2585.35,4.2,CUST-021,48,6.0,27466.66
2024-03-17,INV-00321,Yoga Mat,Health,4,5885.28,1471.32,1415.44,3.9,CUST-022,90,14.1,26625.34
2024-03-17,INV-00321,Smartphone Charger,Electronics,1,264.34,264.34,282.3,4.4,CUST-022,90,14.1,26625.34
2024-03-18,INV-00346,Formal Shirt,Apparel,1,865.09,865.09,766.05,5.0,CUST-019,30,13.1,16444.8
2024-03-18,INV-00346,LED Desk Lamp,Electronics,4,2222.12,555.53,581.83,4.7,CUST-019,30,13.1,16444.8
2024-03-18,INV-00346,Dark Chocolate Bar,Food,2,416.46,208.23,216.4,4.4,CUST-019,30,13.1,16444.8
2024-03-18,INV-00346,Tablet Stand,Electronics,1,615.91,615.91,608.19,3.6,CUST-019,30,13.1,16444.8
2024-03-19,INV-00105,Smartphone Charger,Electronics,1,403.02,403.02,407.99,4.1,CUST-013,104,1.6,19458.15
2024-03-19,INV-00105,Storage Basket,Home,3,1666.71,555.57,562.9,4.6,CUST-013,104,1.6,19458.15
2024-03-19,INV-00296,Webcam HD,Electronics,3,3488.52,1162.84,1186.24,4.7,CUST-021,48,6.0,27466.66
2024-03-19,INV-00314,Vitamin C Supplement,Health,2,737.74,368.87,386.5,4.8,CUST-019,30,13.1,16444.8
2024-03-19,INV-00314,Water Bottle 1L,Health,2,864.58,432.29,426.02,4.1,CUST-019,30,13.1,16444.8
2024-03-19,INV-00314,Sports Shorts,Apparel,5,4387.9,877.58,886.54,4.9,CUST-019,30,13.1,16444.8
2024-03-19,INV-00314,Throw Pillow,Home,1,461.38,461.38,508.14,3.8,CUST-019,30,13.1,16444.8
2024-03-19,INV-00332,Yoga Pants,Apparel,1,1274.47,1274.47,1245.27,4.7,CUST-017,91,2.0,27128.01
2024-03-19,INV-00332,Knit Sweater,Apparel,1,2455.88,2455.88,2200.51,4.2,CUST-017,91,2.0,27128.01
2024-03-20,INV-00023,Laptop Stand,Electronics,1,937.53,937.53,884.89,4.8,CUST-020,59,9.9,15863.62
2024-03-20,INV-00023,Webcam HD,Electronics,2,1888.26,944.13,885.16,4.7,CUST-020,59,9.9,15863.62
2024-03-20,INV-00093,Organic Green Tea,Food,2,500.28,250.14,257.55,4.2,CUST-002,32,4.1,29985.91
2024-03-20,INV-00093,Herbal Honey,Food,1,474.63,474.63,459.93,4.6,CUST-002,32,4.1,29985.91
2024-03-20,INV-00268,Wall Clock,Home,2,1210.96,605.48,646.23,4.1,CUST-004,76,6.9,3132.29
2024-03-20,INV-00268,Running Shoes,Apparel,5,12248.8,2449.76,2377.62,4.2,CUST-004,76,6.9,3132.29
2024-03-20,INV-00268,Multivitamin Capsules,Health,4,4003.28,1000.82,1058.46,4.6,CUST-004,76,6.9,3132.29
2024-03-20,INV-00268,Leather Belt,Apparel,4,3362.72,840.68,876.72,4.7,CUST-004,76,6.9,3132.29
2024-03-20,INV-00286,Wall Clock,Home,3,2740.59,913.53,874.82,4.2,CUST-020,59,9.9,15863.62
2024-03-21,INV-00272,Massage Gun,Health,5,21919.2,4383.84,4337.22,3.8,CUST-001,82,2.6,30178.92
2024-03-22,INV-00165,Desk Chair,Home,4,20000.0,5000,5000,4.1,CUST-018,99,5.1,5032.1
2024-03-22,INV-00165,Jump Rope,Health,4,1749.4,437.35,416.12,4.1,CUST-018,99,5.1,5032.1
2024-03-22,INV-00165,Smart Home Hub,Electronics,1,3366.47,3366.47,3678.57,4.4,CUST-018,99,5.1,5032.1
2024-03-24,INV-00317,Smart Home Hub,Electronics,2,8223.3,4111.65,4369.99,4.6,CUST-005,28,4.3,24876.71
2024-03-24,INV-00317,Hooded Sweatshirt,Apparel,4,8153.16,2038.29,1780.16,4.8,CUST-005,28,4.3,24876.71
2024-03-24,INV-00380,Protein Powder,Food,5,5957.7,1191.54,1357.93,5.0,CUST-010,36,3.2,38374.1
2024-03-24,INV-00380,Leather Belt,Apparel,1,452.98,452.98,459.68,3.5,CUST-010,36,3.2,38374.1
2024-03-24,INV-00380,Quinoa 1kg,Food,4,2492.04,623.01,587.72,4.6,CUST-010,36,3.2,38374.1
2024-03-24,INV-00380,Coffee Table,Home,4,20000.0,5000,5000,3.9,CUST-010,36,3.2,38374.1
2024-03-26,INV-00069,Sofa,Home,1,5000.0,5000,5000,3.9,CUST-015,71,5.1,25888.31
2024-03-26,INV-00069,Floor Lamp,Home,3,2712.39,904.13,944.37,4.5,CUST-015,71,5.1,25888.31
2024-03-26,INV-00374,Organic Green Tea,Food,2,1017.32,508.66,514.73,3.7,CUST-015,71,5.1,25888.31
2024-03-26,INV-00374,Cotton T-Shirt,Apparel,4,1455.56,363.89,352.97,3.9,CUST-015,71,5.1,25888.31
2024-03-27,INV-00030,Yoga Mat,Health,3,4181.79,1393.93,1480.76,4.0,CUST-016,114,13.1,23939.38
2024-03-27,INV-00030,Resistance Bands Set,Health,1,1099.84,1099.84,1117.39,4.7,CUST-016,114,13.1,23939.38
2024-03-29,INV-00213,Yoga Mat,Health,3,2183.25,727.75,681.05,4.6,CUST-001,82,2.6,30178.92
2024-03-29,INV-00213,Noise Cancelling Earbuds,Electronics,1,2339.06,2339.06,2268.55,4.5,CUST-001,82,2.6,30178.92
2024-03-29,INV-00215,Smart Home Hub,Electronics,3,10322.97,3440.99,3463.26,4.1,CUST-021,48,6.0,27466.66
2024-03-29,INV-00357,Smart Watch,Electronics,2,4777.3,2388.65,2225.55,4.9,CUST-019,30,13.1,16444.8
2024-03-29,INV-00357,Cotton T-Shirt,Apparel,5,1518.15,303.63,342.65,4.1,CUST-019,30,13.1,16444.8
2024-03-29,INV-00357,Olive Oil Extra Virgin,Food,1,617.23,617.23,534.81,3.8,CUST-019,30,13.1,16444.8
2024-03-30,INV-00070,Desk Chair,Home,1,4557.82,4557.82,4521.11,4.2,CUST-006,72,3.8,26695.61
2024-03-30,INV-00070,Coffee Table,Home,2,10000.0,5000,5000,3.9,CUST-006,72,3.8,26695.61
2024-03-30,INV-00114,Vitamin C Supplement,Health,2,1224.86,612.43,521.25,3.6,CUST-021,48,6.0,27466.66
2024-03-30,INV-00114,Track Pants,Apparel,5,2956.45,591.29,684.13,4.1,CUST-021,48,6.0,27466.66
2024-03-30,INV-00114,Smartphone Charger,Electronics,2,886.88,443.44,395.17,3.9,CUST-021,48,6.0,27466.66
2024-03-30,INV-00114,Webcam HD,Electronics,3,4800.42,1600.14,1738.56,3.7,CUST-021,48,6.0,27466.66
2024-03-30,INV-00182,Bluetooth Headphones,Electronics,3,4671.63,1557.21,1635.8,4.3,CUST-022,90,14.1,26625.34
2024-03-31,INV-00195,Coffee Table,Home,3,15000.0,5000,5000,4.9,CUST-006,72,3.8,26695.61
2024-03-31,INV-00195,Herbal Honey,Food,4,2115.04,528.76,486.13,4.3,CUST-006,72,3.8,26695.61
2024-04-01,INV-00320,Bookshelf,Home,2,5605.94,2802.97,3019.0,4.6,CUST-001,82,2.6,30178.92
2024-04-01,INV-00320,Organic Green Tea,Food,3,683.76,227.92,234.18,3.6,CUST-001,82,2.6,30178.92
2024-04-01,INV-00320,Noise Cancelling Earbuds,Electronics,5,15352.45,3070.49,3344.78,4.9,CUST-001,82,2.6,30178.92
2024-04-01,INV-00320,Polo T-Shirt,Apparel,3,2155.56,718.52,774.03,4.3,CUST-001,82,2.6,30178.92
2024-04-03,INV-00279,Hooded Sweatshirt,Apparel,1,1466.95,1466.95,1634.3,4.3,CUST-016,114,13.1,23939.38
2024-04-03,INV-00279,Mixed Nuts Pack,Food,1,607.98,607.98,550.27,4.5,CUST-016,114,13.1,23939.38
2024-04-03,INV-00279,Webcam HD,Electronics,2,2677.86,1338.93,1160.1,4.1,CUST-016,114,13.1,23939.38
2024-04-04,INV-00049,Coffee Beans Pack,Food,3,2313.63,771.21,712.83,5.0,CUST-023,78,9.9,22297.32
2024-04-04,INV-00049,Dark Chocolate Bar,Food,1,275.06,275.06,254.2,3.9,CUST-023,78,9.9,22297.32
2024-04-04,INV-00391,Floor Lamp,Home,3,2949.24,983.08,959.91,3.7,CUST-019,30,13.1,16444.8
2024-04-04,INV-00391,Mechanical Keyboard,Electronics,3,3979.17,1326.39,1463.15,4.3,CUST-019,30,13.1,16444.8
2024-04-04,INV-00391,Quinoa 1kg,Food,3,1085.82,361.94,334.31,4.2,CUST-019,30,13.1,16444.8
2024-04-04,INV-00391,Vitamin C Supplement,Health,2,1211.18,605.59,643.13,4.3,CUST-019,30,13.1,16444.8
2024-04-05,INV-00166,Sports Shorts,Apparel,5,4168.1,833.62,859.07,4.1,CUST-018,99,5.1,5032.1
2024-04-05,INV-00166,Polo T-Shirt,Apparel,4,2828.6,707.15,709.4,4.4,CUST-018,99,5.1,5032.1
2024-04-05,INV-00166,Running Shoes,Apparel,5,12767.6,2553.52,2380.35,4.4,CUST-018,99,5.1,5032.1
2024-04-06,INV-00290,Wireless Mouse,Electronics,4,1822.04,455.51,448.1,4.6,CUST-016,114,13.1,23939.38
2024-04-06,INV-00290,USB-C Hub,Electronics,3,2141.55,713.85,738.55,4.1,CUST-016,114,13.1,23939.38
2024-04-06,INV-00290,Area Rug,Home,1,3463.76,3463.76,3357.39,4.0,CUST-016,114,13.1,23939.38
2024-04-07,INV-00204,Storage Basket,Home,5,2008.9,401.78,368.01,4.3,CUST-007,70,6.9,19069.94
2024-04-07,INV-00204,Protein Powder,Food,1,1659.07,1659.07,1529.64,3.9,CUST-007,70,6.9,19069.94
2024-04-07,INV-00204,Running Shoes,Apparel,1,2281.87,2281.87,2096.39,3.8,CUST-007,70,6.9,19069.94
2024-04-08,INV-00012,Sofa,Home,2,10000.0,5000,5000,4.2,CUST-008,36,12.3,2246.95
2024-04-08,INV-00012,Floor Lamp,Home,3,3984.42,1328.14,1489.57,3.6,CUST-008,36,12.3,2246.95
2024-04-08,INV-00297,Storage Basket,Home,4,1708.32,427.08,485.68,4.6,CUST-015,71,5.1,25888.31
2024-04-11,INV-00413,Organic Green Tea,Food,3,962.37,320.79,296.26,3.8,CUST-015,71,5.1,25888.31
2024-04-11,INV-00413,LED Desk Lamp,Electronics,4,2005.2,501.3,530.16,4.7,CUST-015,71,5.1,25888.31
2024-04-11,INV-00413,Hooded Sweatshirt,Apparel,3,4211.37,1403.79,1340.72,3.9,CUST-015,71,5.1,25888.31
2024-04-12,INV-00107,Yoga Mat,Health,5,6064.15,1212.83,1356.71,4.8,CUST-006,72,3.8,26695.61
2024-04-12,INV-00107,USB-C Hub,Electronics,5,3956.65,791.33,728.99,3.7,CUST-006,72,3.8,26695.61
2024-04-13,INV-00197,Yoga Pants,Apparel,2,2575.34,1287.67,1110.66,4.4,CUST-020,59,9.9,15863.62
2024-04-13,INV-00197,LED Desk Lamp,Electronics,3,2055.57,685.19,722.35,4.9,CUST-020,59,9.9,15863.62
2024-04-15,INV-00226,Denim Jeans,Apparel,5,7427.05,1485.41,1380.97,4.6,CUST-005,28,4.3,24876.71
2024-04-15,INV-00375,Floor Lamp,Home,2,2856.22,1428.11,1461.9,4.3,CUST-006,72,3.8,26695.61
2024-04-17,INV-00325,Bed Frame,Home,4,20000.0,5000,5000,4.6,CUST-017,91,2.0,27128.01
2024-04-17,INV-00325,Mechanical Keyboard,Electronics,4,8920.44,2230.11,2275.23,4.4,CUST-017,91,2.0,27128.01
2024-04-18,INV-00008,Yoga Mat,Health,3,5297.28,1765.76,1800.26,4.0,CUST-014,16,14.6,16384.31
2024-04-18,INV-00008,Foam Roller,Health,3,4554.15,1518.05,1473.42,4.2,CUST-014,16,14.6,16384.31
2024-04-24,INV-00025,Multivitamin Capsules,Health,1,401.49,401.49,397.13,5.0,CUST-008,36,12.3,2246.95
2024-04-24,INV-00025,Vitamin C Supplement,Health,3,1252.41,417.47,401.74,4.0,CUST-008,36,12.3,2246.95
2024-04-25,INV-00274,Polo T-Shirt,Apparel,5,2432.25,486.45,503.54,3.6,CUST-009,104,3.2,18059.35
2024-04-25,INV-00274,Hooded Sweatshirt,Apparel,3,3835.14,1278.38,1312.65,4.8,CUST-009,104,3.2,18059.35
2024-04-27,INV-00143,Polo T-Shirt,Apparel,1,636.09,636.09,652.15,4.7,CUST-013,104,1.6,19458.15
2024-04-27,INV-00143,External SSD,Electronics,1,3642.5,3642.5,3874.89,3.9,CUST-013,104,1.6,19458.15
2024-04-27,INV-00266,Casual Sneakers,Apparel,1,1692.42,1692.42,1562.61,3.8,CUST-003,87,11.4,22723.93
2024-04-27,INV-00266,Mechanical Keyboard,Electronics,5,13344.75,2668.95,2882.15,4.3,CUST-003,87,11.4,22723.93
2024-04-27,INV-00266,Noise Cancelling Earbuds,Electronics,5,9981.15,1996.23,1822.36,4.3,CUST-003,87,11.4,22723.93
2024-04-27,INV-00266,Multivitamin Capsules,Health,4,1673.04,418.26,417.89,4.3,CUST-003,87,11.4,22723.93
2024-04-29,INV-00106,Winter Jacket,Apparel,5,16394.3,3278.86,3071.91,5.0,CUST-015,71,5.1,25888.31
2024-04-29,INV-00106,Herbal Honey,Food,5,2370.5,474.1,470.93,4.1,CUST-015,71,5.1,25888.31
2024-04-30,INV-00277,Yoga Mat,Health,2,1799.88,899.94,949.32,4.7,CUST-007,70,6.9,19069.94
2024-04-30,INV-00277,Noise Cancelling Earbuds,Electronics,4,7677.32,1919.33,2222.98,4.4,CUST-007,70,6.9,19069.94
2024-04-30,INV-00313,Herbal Honey,Food,5,3384.1,676.82,582.06,4.9,CUST-010,36,3.2,38374.1
2024-04-30,INV-00313,Bed Frame,Home,2,10000.0,5000,5000,3.6,CUST-010,36,3.2,38374.1
2024-04-30,INV-00313,Yoga Mat,Health,2,2344.08,1172.04,1150.67,4.1,CUST-010,36,3.2,38374.1
2024-04-30,INV-00405,Tablet Stand,Electronics,4,1832.08,458.02,512.77,4.5,CUST-020,59,9.9,15863.62
2024-04-30,INV-00405,External SSD,Electronics,3,7512.6,2504.2,2366.3,4.7,CUST-020,59,9.9,15863.62
2024-04-30,INV-00405,Wireless Mouse,Electronics,1,513.7,513.7,528.81,4.9,CUST-020,59,9.9,15863.62
2024-04-30,INV-00405,Herbal Honey,Food,1,470.6,470.6,537.0,4.0,CUST-020,59,9.9,15863.62
2024-05-01,INV-00010,Sofa,Home,3,14250.0,5000,5000,4.9,CUST-017,91,2.0,27128.01
2024-05-01,INV-00010,Floor Lamp,Home,2,2110.69,1110.89,1190.03,3.8,CUST-017,91,2.0,27128.01
2024-05-01,INV-00187,Knit Sweater,Apparel,5,6089.78,1282.06,1347.54,4.1,CUST-017,91,2.0,27128.01
2024-05-01,INV-00187,Smart Watch,Electronics,5,20051.36,4221.34,4491.14,3.6,CUST-017,91,2.0,27128.01
2024-05-01,INV-00187,Massage Gun,Health,5,13891.18,2924.46,2544.62,3.6,CUST-017,91,2.0,27128.01
2024-05-01,INV-00187,Organic Green Tea,Food,3,1094.43,384.01,378.8,4.9,CUST-017,91,2.0,27128.01
2024-05-02,INV-00409,Throw Pillow,Home,2,943.27,496.46,437.76,4.8,CUST-022,90,14.1,26625.34
2024-05-02,INV-00409,Winter Jacket,Apparel,3,8814.85,3092.93,2894.86,4.0,CUST-022,90,14.1,26625.34
2024-05-02,INV-00409,Jump Rope,Health,2,937.16,493.24,457.52,4.9,CUST-022,90,14.1,26625.34
2024-05-04,INV-00042,Winter Jacket,Apparel,3,6601.14,2316.19,2444.31,4.7,CUST-021,48,6.0,27466.66
2024-05-04,INV-00042,Knit Sweater,Apparel,3,6353.56,2229.32,1970.78,4.1,CUST-021,48,6.0,27466.66
2024-05-06,INV-00132,Desk Chair,Home,4,19000.0,5000,5000,4.0,CUST-007,70,6.9,19069.94
2024-05-06,INV-00132,Smart Home Hub,Electronics,3,8408.9,2950.49,3028.33,3.9,CUST-007,70,6.9,19069.94
2024-05-06,INV-00132,Vitamin C Supplement,Health,4,2020.38,531.68,579.67,4.7,CUST-007,70,6.9,19069.94
2024-05-07,INV-00024,Multivitamin Capsules,Health,1,547.37,576.18,507.4,4.8,CUST-024,32,3.3,16419.31
2024-05-07,INV-00024,Vitamin C Supplement,Health,2,762.45,401.29,385.27,4.7,CUST-024,32,3.3,16419.31
2024-05-07,INV-00415,Bookshelf,Home,4,13426.08,3533.18,3794.51,4.5,CUST-015,71,5.1,25888.31
2024-05-07,INV-00415,Wall Clock,Home,3,2408.99,845.26,874.92,3.6,CUST-015,71,5.1,25888.31
2024-05-07,INV-00415,Portable Speaker,Electronics,4,4925.64,1296.22,1497.39,4.9,CUST-015,71,5.1,25888.31
2024-05-08,INV-00275,Jump Rope,Health,5,2310.21,486.36,483.77,4.8,CUST-019,30,13.1,16444.8
2024-05-08,INV-00275,Desk Chair,Home,2,9500.0,5000,5000,4.5,CUST-019,30,13.1,16444.8
2024-05-08,INV-00275,Olive Oil Extra Virgin,Food,5,2974.45,626.2,707.69,4.3,CUST-019,30,13.1,16444.8
2024-05-09,INV-00059,Sofa,Home,3,14250.0,5000,5000,4.7,CUST-011,44,2.4,16437.24
2024-05-09,INV-00059,Floor Lamp,Home,1,592.08,623.24,595.55,3.8,CUST-011,44,2.4,16437.24
2024-05-12,INV-00183,Formal Shirt,Apparel,1,1444.69,1520.73,1349.89,4.0,CUST-024,32,3.3,16419.31
2024-05-12,INV-00183,Mixed Nuts Pack,Food,5,2926.62,616.13,579.69,4.4,CUST-024,32,3.3,16419.31
2024-05-12,INV-00326,Whey Protein,Health,5,11931.81,2511.96,2698.25,3.8,CUST-011,44,2.4,16437.24
2024-05-12,INV-00326,Bed Frame,Home,4,19000.0,5000,5000,4.4,CUST-011,44,2.4,16437.24
2024-05-12,INV-00326,Knit Sweater,Apparel,4,4974.69,1309.13,1356.05,4.1,CUST-011,44,2.4,16437.24
2024-05-13,INV-00026,Sofa,Home,1,4750.0,5000,5000,4.4,CUST-004,76,6.9,3132.29
2024-05-13,INV-00026,Area Rug,Home,3,6931.03,2431.94,2328.13,3.7,CUST-004,76,6.9,3132.29
2024-05-13,INV-00026,Throw Pillow,Home,2,1380.39,726.52,667.77,3.5,CUST-004,76,6.9,3132.29
2024-05-14,INV-00005,Protein Powder,Food,1,2396.11,2522.22,2462.36,4.8,CUST-001,82,2.6,30178.92
2024-05-14,INV-00005,Whey Protein,Health,1,1673.27,1761.34,1782.63,4.1,CUST-001,82,2.6,30178.92
2024-05-14,INV-00077,Winter Jacket,Apparel,1,3394.35,3573.0,3827.17,4.5,CUST-022,90,14.1,26625.34
2024-05-14,INV-00077,Knit Sweater,Apparel,2,3384.11,1781.11,1947.27,4.9,CUST-022,90,14.1,26625.34
2024-05-14,INV-00256,Protein Powder,Food,5,11494.52,2419.9,2412.02,4.4,CUST-007,70,6.9,19069.94
2024-05-14,INV-00276,Denim Jeans,Apparel,2,2896.21,1524.32,1569.07,4.2,CUST-023,78,9.9,22297.32
2024-05-14,INV-00276,Hooded Sweatshirt,Apparel,2,2545.45,1339.71,1217.46,4.2,CUST-023,78,9.9,22297.32
2024-05-15,INV-00067,Sofa,Home,2,9500.0,5000,5000,4.8,CUST-016,114,13.1,23939.38
2024-05-15,INV-00067,Floor Lamp,Home,3,3867.25,1356.93,1312.98,4.8,CUST-016,114,13.1,23939.38
2024-05-16,INV-00138,Denim Jeans,Apparel,1,1407.62,1481.71,1300.92,4.2,CUST-025,119,10.0,23164.09
2024-05-16,INV-00138,Protein Powder,Food,3,3598.52,1262.64,1365.45,4.5,CUST-025,119,10.0,23164.09
2024-05-16,INV-00138,Bluetooth Headphones,Electronics,2,4242.6,2232.95,2070.72,3.8,CUST-025,119,10.0,23164.09
2024-05-16,INV-00285,Cotton T-Shirt,Apparel,2,1063.35,559.66,523.73,4.8,CUST-023,78,9.9,22297.32
2024-05-16,INV-00285,Summer Dress,Apparel,1,751.42,790.97,764.1,3.8,CUST-023,78,9.9,22297.32
2024-05-16,INV-00285,Multivitamin Capsules,Health,4,2327.16,612.41,705.13,4.3,CUST-023,78,9.9,22297.32
2024-05-16,INV-00285,Formal Shirt,Apparel,1,680.46,716.27,769.76,3.7,CUST-023,78,9.9,22297.32
2024-05-16,INV-00399,Storage Basket,Home,4,2132.52,561.19,519.49,4.0,CUST-014,16,14.6,16384.31
2024-05-18,INV-00281,Desk Chair,Home,4,19000.0,5000,5000,4.7,CUST-004,76,6.9,3132.29
2024-05-18,INV-00281,Multivitamin Capsules,Health,5,2403.21,505.94,566.14,4.3,CUST-004,76,6.9,3132.29
2024-05-18,INV-00335,Foam Roller,Health,3,3077.91,1079.97,1066.12,4.3,CUST-011,44,2.4,16437.24
2024-05-18,INV-00335,Herbal Honey,Food,1,289.94,305.2,351.29,3.7,CUST-011,44,2.4,16437.24
2024-05-21,INV-00063,Desk Chair,Home,3,14250.0,5000,5000,3.9,CUST-003,87,11.4,22723.93
2024-05-21,INV-00063,Coffee Table,Home,3,8773.18,3078.31,3254.07,5.0,CUST-003,87,11.4,22723.93
2024-05-22,INV-00045,Multivitamin Capsules,Health,3,2579.76,905.18,921.11,4.5,CUST-003,87,11.4,22723.93
2024-05-22,INV-00045,Vitamin C Supplement,Health,2,825.19,434.31,416.31,3.8,CUST-003,87,11.4,22723.93
2024-05-23,INV-00193,Webcam HD,Electronics,4,5745.71,1512.03,1571.54,4.7,CUST-003,87,11.4,22723.93
2024-05-23,INV-00193,Noise Cancelling Earbuds,Electronics,5,11500.79,2421.22,2401.63,4.3,CUST-003,87,11.4,22723.93
2024-05-23,INV-00193,Resistance Bands Set,Health,2,1419.58,747.15,738.31,3.5,CUST-003,87,11.4,22723.93
2024-05-23,INV-00193,Area Rug,Home,4,13107.95,3449.46,3787.97,4.3,CUST-003,87,11.4,22723.93
2024-05-23,INV-00344,Sofa,Home,5,23750.0,5000,5000,4.7,CUST-017,91,2.0,27128.01
2024-05-23,INV-00344,Area Rug,Home,1,2070.27,2179.23,2195.59,4.2,CUST-017,91,2.0,27128.01
2024-05-23,INV-00344,Bed Frame,Home,4,19000.0,5000,5000,4.0,CUST-017,91,2.0,27128.01
2024-05-23,INV-00344,Tablet Stand,Electronics,5,3220.5,678.0,636.98,4.6,CUST-017,91,2.0,27128.01
2024-05-24,INV-00054,Mechanical Keyboard,Electronics,2,4396.77,2314.09,2429.33,4.7,CUST-023,78,9.9,22297.32
2024-05-24,INV-00054,Wireless Mouse,Electronics,2,1254.95,660.5,717.68,3.7,CUST-023,78,9.9,22297.32
2024-05-24,INV-00054,USB-C Hub,Electronics,1,673.64,709.09,693.55,3.6,CUST-023,78,9.9,22297.32
2024-05-24,INV-00127,Coffee Table,Home,3,8303.96,2913.67,2766.27,4.6,CUST-002,32,4.1,29985.91
2024-05-24,INV-00127,Quinoa 1kg,Food,5,3251.09,684.44,677.18,4.3,CUST-002,32,4.1,29985.91
2024-05-24,INV-00127,Floor Lamp,Home,4,3445.42,906.69,901.01,4.6,CUST-002,32,4.1,29985.91
2024-05-24,INV-00127,Denim Jeans,Apparel,1,1075.9,1132.53,1126.47,3.7,CUST-002,32,4.1,29985.91
2024-05-24,INV-00247,Water Bottle 1L,Health,4,2359.72,620.98,674.55,4.2,CUST-018,99,5.1,5032.1
2024-05-25,INV-00051,Sofa,Home,1,4750.0,5000,5000,3.9,CUST-019,30,13.1,16444.8
2024-05-25,INV-00051,Area Rug,Home,2,6675.23,3513.28,3273.1,3.6,CUST-019,30,13.1,16444.8
2024-05-25,INV-00051,Throw Pillow,Home,3,1673.75,587.28,562.97,4.9,CUST-019,30,13.1,16444.8
2024-05-26,INV-00073,Winter Jacket,Apparel,1,3641.39,3833.04,4224.81,4.5,CUST-016,114,13.1,23939.38
2024-05-26,INV-00073,Knit Sweater,Apparel,3,5712.11,2004.25,2073.66,4.5,CUST-016,114,13.1,23939.38
2024-05-27,INV-00071,Sofa,Home,2,9500.0,5000,5000,5.0,CUST-015,71,5.1,25888.31
2024-05-27,INV-00071,Area Rug,Home,2,4468.31,2351.74,2350.56,4.8,CUST-015,71,5.1,25888.31
2024-05-27,INV-00071,Throw Pillow,Home,1,375.25,395.0,398.0,4.1,CUST-015,71,5.1,25888.31
2024-05-27,INV-00342,Webcam HD,Electronics,4,3550.61,934.37,911.22,5.0,CUST-005,28,4.3,24876.71
2024-05-27,INV-00342,Portable Speaker,Electronics,4,3426.95,901.83,1004.49,4.8,CUST-005,28,4.3,24876.71
2024-05-29,INV-00062,Protein Powder,Food,2,3274.38,1723.36,1904.96,3.9,CUST-023,78,9.9,22297.32
2024-05-29,INV-00062,Whey Protein,Health,3,6175.27,2166.76,2414.24,4.6,CUST-023,78,9.9,22297.32
2024-05-29,INV-00205,Track Pants,Apparel,3,1668.73,585.52,565.34,3.6,CUST-021,48,6.0,27466.66
2024-05-29,INV-00234,Organic Green Tea,Food,1,235.02,247.39,255.01,3.9,CUST-021,48,6.0,27466.66
2024-05-29,INV-00234,USB-C Hub,Electronics,2,1311.65,690.34,778.21,4.2,CUST-021,48,6.0,27466.66
2024-05-29,INV-00234,LED Desk Lamp,Electronics,4,2378.23,625.85,554.9,3.6,CUST-021,48,6.0,27466.66
2024-05-30,INV-00298,Smartphone Charger,Electronics,5,1386.81,291.96,310.71,3.7,CUST-018,99,5.1,5032.1
2024-05-30,INV-00298,Yoga Pants,Apparel,5,4843.67,1019.72,1103.48,4.1,CUST-018,99,5.1,5032.1
2024-05-30,INV-00298,Protein Powder,Food,2,1928.31,1014.9,972.02,4.8,CUST-018,99,5.1,5032.1
2024-05-31,INV-00072,Mechanical Keyboard,Electronics,3,7783.95,2731.21,3108.14,4.1,CUST-019,30,13.1,16444.8
2024-05-31,INV-00072,Wireless Mouse,Electronics,1,397.06,417.96,430.17,4.9,CUST-019,30,13.1,16444.8
2024-06-01,INV-00136,Whey Protein,Health,5,7628.07,1794.84,1864.23,4.2,CUST-001,82,2.6,30178.92
2024-06-03,INV-00029,Yoga Mat,Health,1,1007.21,1184.95,1092.71,4.1,CUST-019,30,13.1,16444.8
2024-06-03,INV-00029,Foam Roller,Health,2,1936.88,1139.34,1112.56,4.5,CUST-019,30,13.1,16444.8
2024-06-03,INV-00050,Mechanical Keyboard,Electronics,1,1042.79,1226.81,1156.41,4.3,CUST-006,72,3.8,26695.61
2024-06-03,INV-00050,Wireless Mouse,Electronics,2,1111.1,653.59,739.01,3.7,CUST-006,72,3.8,26695.61
2024-06-04,INV-00122,Sofa,Home,5,21250.0,5000,5000,4.6,CUST-021,48,6.0,27466.66
2024-06-04,INV-00189,Smart Home Hub,Electronics,3,9206.11,3610.24,3931.46,4.1,CUST-022,90,14.1,26625.34
2024-06-05,INV-00176,Summer Dress,Apparel,5,3243.39,763.15,706.08,3.8,CUST-021,48,6.0,27466.66
2024-06-05,INV-00176,Laptop Stand,Electronics,1,678.95,798.77,879.42,5.0,CUST-021,48,6.0,27466.66
2024-06-08,INV-00397,Knit Sweater,Apparel,2,3526.48,2074.4,2047.62,4.3,CUST-005,28,4.3,24876.71
2024-06-08,INV-00397,Mechanical Keyboard,Electronics,5,7757.31,1825.25,2032.59,4.5,CUST-005,28,4.3,24876.71
2024-06-08,INV-00397,Floor Lamp,Home,5,5363.59,1262.02,1154.06,3.6,CUST-005,28,4.3,24876.71
2024-06-08,INV-00397,Wall Clock,Home,1,755.25,888.53,954.57,4.6,CUST-005,28,4.3,24876.71
2024-06-09,INV-00015,Yoga Mat,Health,3,1961.71,769.3,763.4,3.7,CUST-002,32,4.1,29985.91
2024-06-09,INV-00015,Resistance Bands Set,Health,3,2864.44,1123.31,1084.13,3.6,CUST-002,32,4.1,29985.91
2024-06-09,INV-00017,Bed Frame,Home,2,8500.0,5000,5000,4.2,CUST-022,90,14.1,26625.34
2024-06-09,INV-00017,Area Rug,Home,3,10172.23,3989.11,3372.39,5.0,CUST-022,90,14.1,26625.34
2024-06-09,INV-00126,Olive Oil Extra Virgin,Food,1,687.42,808.73,771.67,3.6,CUST-024,32,3.3,16419.31
2024-06-09,INV-00126,Knit Sweater,Apparel,5,6984.79,1643.48,1547.83,4.0,CUST-024,32,3.3,16419.31
2024-06-09,INV-00131,External SSD,Electronics,1,4233.26,4980.3,5000,4.6,CUST-015,71,5.1,25888.31
2024-06-09,INV-00131,Storage Basket,Home,4,1735.9,510.56,568.14,4.3,CUST-015,71,5.1,25888.31
2024-06-09,INV-00131,Hooded Sweatshirt,Apparel,3,3071.3,1204.43,1368.28,4.3,CUST-015,71,5.1,25888.31
2024-06-09,INV-00131,Olive Oil Extra Virgin,Food,3,2393.97,938.81,944.8,4.4,CUST-015,71,5.1,25888.31
2024-06-11,INV-00410,Dark Chocolate Bar,Food,3,712.44,279.39,300.86,4.6,CUST-021,48,6.0,27466.66
2024-06-11,INV-00410,Cotton T-Shirt,Apparel,3,1712.43,671.54,701.37,4.3,CUST-021,48,6.0,27466.66
2024-06-11,INV-00410,Portable Speaker,Electronics,3,2967.23,1163.62,1238.5,4.2,CUST-021,48,6.0,27466.66
2024-06-12,INV-00125,Track Pants,Apparel,4,2116.81,622.59,616.09,4.8,CUST-004,76,6.9,3132.29
2024-06-12,INV-00125,Running Shoes,Apparel,3,4986.5,1955.49,2049.48,4.9,CUST-004,76,6.9,3132.29
2024-06-12,INV-00209,Portable Speaker,Electronics,5,5794.53,1363.42,1472.46,4.2,CUST-009,104,3.2,18059.35
2024-06-12,INV-00404,Curtain Set,Home,2,3013.86,1772.86,1722.39,3.9,CUST-014,16,14.6,16384.31
2024-06-15,INV-00161,Cotton T-Shirt,Apparel,5,1694.94,398.81,350.74,3.5,CUST-008,36,12.3,2246.95
2024-06-15,INV-00161,Dark Chocolate Bar,Food,3,883.57,346.5,308.68,4.7,CUST-008,36,12.3,2246.95
2024-06-15,INV-00161,Formal Shirt,Apparel,4,2681.75,788.75,816.22,3.7,CUST-008,36,12.3,2246.95
2024-06-15,INV-00161,Whey Protein,Health,4,5786.6,1701.94,1600.25,4.7,CUST-008,36,12.3,2246.95
2024-06-15,INV-00280,Bed Frame,Home,3,12750.0,5000,5000,3.8,CUST-004,76,6.9,3132.29
2024-06-15,INV-00280,Running Shoes,Apparel,3,4750.93,1863.11,1992.0,4.8,CUST-004,76,6.9,3132.29
2024-06-15,INV-00280,Throw Pillow,Home,5,1809.39,425.74,400.88,4.5,CUST-004,76,6.9,3132.29
2024-06-15,INV-00338,Dark Chocolate Bar,Food,5,1191.62,280.38,277.3,3.9,CUST-004,76,6.9,3132.29
2024-06-15,INV-00361,Laptop Stand,Electronics,4,3139.25,923.31,872.26,4.4,CUST-004,76,6.9,3132.29
2024-06-15,INV-00361,Mixed Nuts Pack,Food,5,1803.83,424.43,398.07,4.2,CUST-004,76,6.9,3132.29
2024-06-16,INV-00340,Curtain Set,Home,2,2609.65,1535.09,1608.23,4.5,CUST-013,104,1.6,19458.15
2024-06-16,INV-00340,Smart Watch,Electronics,4,10428.24,3067.13,3219.32,3.8,CUST-013,104,1.6,19458.15
2024-06-16,INV-00340,Smart Home Hub,Electronics,3,8577.89,3363.88,3484.53,4.9,CUST-013,104,1.6,19458.15
2024-06-16,INV-00340,Webcam HD,Electronics,1,1513.82,1780.97,1916.66,4.4,CUST-013,104,1.6,19458.15
2024-06-16,INV-00378,Coffee Table,Home,3,9666.0,3790.59,4035.82,3.8,CUST-003,87,11.4,22723.93
2024-06-19,INV-00149,Jump Rope,Health,4,1597.73,469.92,547.21,4.9,CUST-007,70,6.9,19069.94
2024-06-19,INV-00149,Bluetooth Headphones,Electronics,2,3808.63,2240.37,2141.16,4.3,CUST-007,70,6.9,19069.94
2024-06-19,INV-00149,Foam Roller,Health,3,3270.3,1282.47,1308.44,4.0,CUST-007,70,6.9,19069.94
2024-06-20,INV-00109,Webcam HD,Electronics,4,5708.84,1679.07,1504.03,4.2,CUST-021,48,6.0,27466.66
2024-06-20,INV-00109,Denim Jeans,Apparel,2,1311.33,771.37,758.08,4.3,CUST-021,48,6.0,27466.66
2024-06-21,INV-00123,Coffee Beans Pack,Food,5,2526.16,594.39,643.84,3.9,CUST-020,59,9.9,15863.62
2024-06-22,INV-00076,Mechanical Keyboard,Electronics,1,2107.07,2478.9,2233.3,4.8,CUST-024,32,3.3,16419.31
2024-06-22,INV-00076,Wireless Mouse,Electronics,3,1843.11,722.79,767.03,4.0,CUST-024,32,3.3,16419.31
2024-06-22,INV-00076,USB-C Hub,Electronics,2,1737.71,1022.18,1083.84,4.1,CUST-024,32,3.3,16419.31
2024-06-22,INV-00101,Dark Chocolate Bar,Food,4,1014.19,298.29,281.48,3.9,CUST-025,119,10.0,23164.09
2024-06-23,INV-00046,Coffee Beans Pack,Food,3,2120.71,831.65,898.87,3.5,CUST-009,104,3.2,18059.35
2024-06-23,INV-00046,Dark Chocolate Bar,Food,2,630.67,370.98,407.46,4.3,CUST-009,104,3.2,18059.35
2024-06-23,INV-00398,Laptop Stand,Electronics,5,3441.05,809.66,860.14,3.6,CUST-021,48,6.0,27466.66
2024-06-23,INV-00398,Yoga Pants,Apparel,2,2027.83,1192.84,1043.95,3.5,CUST-021,48,6.0,27466.66
2024-06-23,INV-00398,Formal Shirt,Apparel,5,4205.89,989.62,1080.15,4.3,CUST-021,48,6.0,27466.66
2024-06-24,INV-00363,Resistance Bands Set,Health,2,1814.26,1067.21,1080.86,4.4,CUST-025,119,10.0,23164.09
2024-06-24,INV-00363,Coffee Table,Home,5,21250.0,5000,5000,4.2,CUST-025,119,10.0,23164.09
2024-06-25,INV-00252,Leather Belt,Apparel,3,1616.78,634.03,612.3,3.8,CUST-024,32,3.3,16419.31
2024-06-25,INV-00252,Wall Clock,Home,5,2227.25,524.06,551.83,4.2,CUST-024,32,3.3,16419.31
2024-06-27,INV-00216,Running Shoes,Apparel,3,4494.25,1762.45,1840.52,4.3,CUST-013,104,1.6,19458.15
2024-06-27,INV-00216,Track Pants,Apparel,4,2848.01,837.65,894.16,3.6,CUST-013,104,1.6,19458.15
2024-06-27,INV-00216,Floor Lamp,Home,3,3851.7,1510.47,1618.75,4.5,CUST-013,104,1.6,19458.15
2024-06-27,INV-00216,Coffee Beans Pack,Food,5,5875.12,1382.38,1259.9,4.6,CUST-013,104,1.6,19458.15
2024-06-27,INV-00323,External SSD,Electronics,3,6633.16,2601.24,2645.06,4.9,CUST-021,48,6.0,27466.66
2024-06-28,INV-00327,Bluetooth Headphones,Electronics,5,7791.65,1833.33,1699.43,4.3,CUST-011,44,2.4,16437.24
2024-06-28,INV-00327,Noise Cancelling Earbuds,Electronics,4,10145.91,2984.09,2979.76,4.6,CUST-011,44,2.4,16437.24
2024-06-30,INV-00096,Hooded Sweatshirt,Apparel,1,1449.5,1705.3,1699.67,4.8,CUST-022,90,14.1,26625.34
2024-07-02,INV-00081,Organic Green Tea,Food,2,362.58,213.28,242.68,3.6,CUST-021,48,6.0,27466.66
2024-07-02,INV-00081,Herbal Honey,Food,1,331.68,390.21,428.35,4.7,CUST-021,48,6.0,27466.66
2024-07-02,INV-00228,Denim Jeans,Apparel,1,1448.2,1703.77,1526.29,4.9,CUST-007,70,6.9,19069.94
2024-07-02,INV-00228,USB-C Hub,Electronics,1,951.79,1119.75,1008.42,4.7,CUST-007,70,6.9,19069.94
2024-07-02,INV-00228,Knit Sweater,Apparel,2,2094.42,1232.01,1322.14,4.2,CUST-007,70,6.9,19069.94
2024-07-02,INV-00228,Noise Cancelling Earbuds,Electronics,2,5745.57,3379.75,3087.63,4.8,CUST-007,70,6.9,19069.94
2024-07-02,INV-00250,Denim Jeans,Apparel,4,5105.81,1501.71,1407.97,4.1,CUST-003,87,11.4,22723.93
2024-07-03,INV-00229,Leather Belt,Apparel,2,1366.31,803.71,771.8,4.0,CUST-010,36,3.2,38374.1
2024-07-03,INV-00229,Mechanical Keyboard,Electronics,1,2338.34,2750.99,2484.93,4.1,CUST-010,36,3.2,38374.1
2024-07-03,INV-00229,Multivitamin Capsules,Health,4,1979.65,582.25,591.13,3.9,CUST-010,36,3.2,38374.1
2024-07-03,INV-00418,Cotton T-Shirt,Apparel,3,1014.7,397.92,443.72,4.6,CUST-009,104,3.2,18059.35
2024-07-03,INV-00418,Yoga Mat,Health,4,4407.18,1296.23,1256.98,3.6,CUST-009,104,3.2,18059.35
2024-07-03,INV-00418,Bed Frame,Home,3,12750.0,5000,5000,3.7,CUST-009,104,3.2,18059.35
2024-07-03,INV-00418,Olive Oil Extra Virgin,Food,4,2551.09,750.32,854.28,3.6,CUST-009,104,3.2,18059.35
2024-07-05,INV-00299,Winter Jacket,Apparel,4,15500.12,4558.86,4089.08,4.6,CUST-020,59,9.9,15863.62
2024-07-05,INV-00299,Smart Watch,Electronics,3,5950.68,2333.6,2333.69,3.7,CUST-020,59,9.9,15863.62
2024-07-05,INV-00401,Noise Cancelling Earbuds,Electronics,3,8039.56,3152.77,3062.64,5.0,CUST-010,36,3.2,38374.1
2024-07-05,INV-00401,Curtain Set,Home,1,1060.19,1247.28,1357.19,4.6,CUST-010,36,3.2,38374.1
2024-07-05,INV-00401,Vitamin C Supplement,Health,5,2278.68,536.16,502.38,4.7,CUST-010,36,3.2,38374.1
2024-07-05,INV-00401,Portable Speaker,Electronics,3,3157.54,1238.25,1365.76,4.3,CUST-010,36,3.2,38374.1
2024-07-06,INV-00169,Olive Oil Extra Virgin,Food,2,1263.59,743.29,751.08,3.9,CUST-018,99,5.1,5032.1
2024-07-07,INV-00041,Mechanical Keyboard,Electronics,1,1261.58,1484.21,1555.84,4.7,CUST-025,119,10.0,23164.09
2024-07-07,INV-00041,Wireless Mouse,Electronics,2,776.41,456.71,474.3,4.4,CUST-025,119,10.0,23164.09
2024-07-07,INV-00041,USB-C Hub,Electronics,1,960.96,1130.54,1266.11,3.6,CUST-025,119,10.0,23164.09
2024-07-09,INV-00214,Coffee Table,Home,1,3613.37,4251.02,4815.53,3.9,CUST-008,36,12.3,2246.95
2024-07-09,INV-00214,LED Desk Lamp,Electronics,2,746.81,439.3,462.51,4.8,CUST-008,36,12.3,2246.95
2024-07-09,INV-00214,Yoga Mat,Health,4,4886.51,1437.21,1333.86,4.3,CUST-008,36,12.3,2246.95
2024-07-09,INV-00214,Bookshelf,Home,4,16348.87,4808.49,4794.77,4.9,CUST-008,36,12.3,2246.95
2024-07-09,INV-00295,Tablet Stand,Electronics,1,454.52,534.73,504.61,3.6,CUST-005,28,4.3,24876.71
2024-07-10,INV-00362,Polo T-Shirt,Apparel,1,593.88,698.68,686.99,4.5,CUST-013,104,1.6,19458.15
2024-07-10,INV-00362,Smartphone Charger,Electronics,4,713.93,209.98,236.29,4.1,CUST-013,104,1.6,19458.15
2024-07-12,INV-00243,Leather Belt,Apparel,3,1665.69,653.21,691.97,3.5,CUST-004,76,6.9,3132.29
2024-07-14,INV-00414,Summer Dress,Apparel,2,1569.07,922.98,942.65,4.1,CUST-016,114,13.1,23939.38
2024-07-14,INV-00414,Noise Cancelling Earbuds,Electronics,3,6135.73,2406.17,2368.88,3.9,CUST-016,114,13.1,23939.38
2024-07-15,INV-00100,Bookshelf,Home,5,20234.34,4761.02,4373.45,4.2,CUST-017,91,2.0,27128.01
2024-07-15,INV-00100,Jump Rope,Health,3,598.0,234.51,221.92,5.0,CUST-017,91,2.0,27128.01
2024-07-15,INV-00100,Mixed Nuts Pack,Food,4,1525.34,448.63,393.26,5.0,CUST-017,91,2.0,27128.01
2024-07-15,INV-00100,USB-C Hub,Electronics,3,2357.42,924.48,884.57,4.1,CUST-017,91,2.0,27128.01
2024-07-15,INV-00223,LED Desk Lamp,Electronics,3,1085.84,425.82,425.96,4.2,CUST-004,76,6.9,3132.29
2024-07-15,INV-00223,Coffee Beans Pack,Food,4,3764.92,1107.33,1286.29,4.0,CUST-004,76,6.9,3132.29
2024-07-15,INV-00223,Denim Jeans,Apparel,4,3511.25,1032.72,1087.63,3.5,CUST-004,76,6.9,3132.29
2024-07-15,INV-00352,Mechanical Keyboard,Electronics,1,1368.16,1609.6,1885.46,4.0,CUST-001,82,2.6,30178.92
2024-07-15,INV-00352,Area Rug,Home,3,9116.86,3575.24,3930.87,4.5,CUST-001,82,2.6,30178.92
2024-07-15,INV-00352,Massage Gun,Health,2,4770.27,2806.04,2859.77,3.9,CUST-001,82,2.6,30178.92
2024-07-15,INV-00352,Sports Shorts,Apparel,4,1943.61,571.65,622.02,3.6,CUST-001,82,2.6,30178.92
2024-07-17,INV-00206,Formal Shirt,Apparel,3,2112.42,828.4,855.37,3.8,CUST-018,99,5.1,5032.1
2024-07-17,INV-00206,Casual Sneakers,Apparel,1,1118.32,1315.67,1459.28,3.6,CUST-018,99,5.1,5032.1
2024-07-18,INV-00407,Foam Roller,Health,4,2299.18,676.23,658.47,3.9,CUST-019,30,13.1,16444.8
2024-07-18,INV-00407,Smart Home Hub,Electronics,1,2769.23,3257.92,3163.0,4.0,CUST-019,30,13.1,16444.8
2024-07-20,INV-00128,Herbal Honey,Food,5,2481.45,583.87,603.3,3.6,CUST-004,76,6.9,3132.29
2024-07-20,INV-00128,Sports Shorts,Apparel,5,1820.78,428.42,450.06,4.2,CUST-004,76,6.9,3132.29
2024-07-20,INV-00128,Foam Roller,Health,5,4876.49,1147.41,1098.33,4.0,CUST-004,76,6.9,3132.29
2024-07-23,INV-00347,Denim Jeans,Apparel,2,2046.9,1204.06,1172.61,4.3,CUST-015,71,5.1,25888.31
2024-07-23,INV-00347,Mixed Nuts Pack,Food,4,2054.72,604.33,661.42,4.5,CUST-015,71,5.1,25888.31
2024-07-23,INV-00347,Area Rug,Home,5,16897.19,3975.81,3474.31,4.5,CUST-015,71,5.1,25888.31
2024-07-24,INV-00085,Sofa,Home,2,8500.0,5000,5000,3.6,CUST-016,114,13.1,23939.38
2024-07-24,INV-00085,Area Rug,Home,2,2924.7,1720.41,1524.57,4.4,CUST-016,114,13.1,23939.38
2024-07-24,INV-00085,Throw Pillow,Home,3,1543.41,605.26,575.74,4.3,CUST-016,114,13.1,23939.38
2024-07-24,INV-00393,Mixed Nuts Pack,Food,2,1390.91,818.18,818.53,4.0,CUST-013,104,1.6,19458.15
2024-07-25,INV-00016,Multivitamin Capsules,Health,3,1250.39,490.35,443.19,3.6,CUST-008,36,12.3,2246.95
2024-07-25,INV-00016,Vitamin C Supplement,Health,2,574.65,338.03,338.0,4.9,CUST-008,36,12.3,2246.95
2024-07-25,INV-00394,Tablet Stand,Electronics,5,2119.05,498.6,530.34,4.4,CUST-020,59,9.9,15863.62
2024-07-27,INV-00135,Track Pants,Apparel,5,3925.89,923.74,800.09,3.8,CUST-006,72,3.8,26695.61
2024-07-27,INV-00135,Noise Cancelling Earbuds,Electronics,2,5376.79,3162.82,2716.43,4.1,CUST-006,72,3.8,26695.61
2024-07-27,INV-00135,Jump Rope,Health,4,1600.92,470.86,401.06,4.7,CUST-006,72,3.8,26695.61
2024-07-27,INV-00135,Winter Jacket,Apparel,3,6444.31,2527.18,2686.1,4.8,CUST-006,72,3.8,26695.61
2024-07-28,INV-00058,Protein Powder,Food,2,2593.32,1525.48,1628.74,4.1,CUST-012,46,12.9,24941.59
2024-07-28,INV-00058,Whey Protein,Health,3,5420.92,2125.85,2041.87,3.6,CUST-012,46,12.9,24941.59
2024-07-29,INV-00065,Bed Frame,Home,2,8500.0,5000,5000,4.1,CUST-025,119,10.0,23164.09
2024-07-29,INV-00065,Area Rug,Home,2,5542.94,3260.55,3523.78,4.9,CUST-025,119,10.0,23164.09
2024-07-29,INV-00179,Multivitamin Capsules,Health,3,1899.75,745.0,837.55,4.7,CUST-005,28,4.3,24876.71
2024-07-29,INV-00179,Portable Speaker,Electronics,5,4517.5,1062.94,984.46,4.4,CUST-005,28,4.3,24876.71
2024-07-29,INV-00179,Laptop Stand,Electronics,3,2106.86,826.22,840.54,3.8,CUST-005,28,4.3,24876.71
2024-07-29,INV-00179,Mixed Nuts Pack,Food,1,579.33,681.56,685.19,4.7,CUST-005,28,4.3,24876.71
2024-07-29,INV-00289,Hooded Sweatshirt,Apparel,2,2184.5,1285.0,1291.63,4.3,CUST-007,70,6.9,19069.94
2024-07-29,INV-00289,LED Desk Lamp,Electronics,3,1598.85,627.0,648.84,3.9,CUST-007,70,6.9,19069.94
2024-07-29,INV-00289,Protein Powder,Food,1,1852.73,2179.68,2070.19,3.8,CUST-007,70,6.9,19069.94
2024-07-29,INV-00289,Casual Sneakers,Apparel,3,3632.91,1424.67,1445.14,4.6,CUST-007,70,6.9,19069.94
2024-07-29,INV-00412,Polo T-Shirt,Apparel,3,1554.76,609.71,579.09,3.8,CUST-022,90,14.1,26625.34
2024-07-29,INV-00412,Yoga Mat,Health,5,4756.47,1119.17,1260.37,3.8,CUST-022,90,14.1,26625.34
2024-07-29,INV-00412,Webcam HD,Electronics,2,3106.72,1827.48,1815.2,4.9,CUST-022,90,14.1,26625.34
2024-07-30,INV-00202,Yoga Mat,Health,2,2685.73,1579.84,1664.76,3.7,CUST-006,72,3.8,26695.61
2024-07-30,INV-00202,Yoga Pants,Apparel,3,1738.46,681.75,626.53,3.9,CUST-006,72,3.8,26695.61
2024-07-30,INV-00202,Casual Sneakers,Apparel,2,1918.42,1128.48,1253.37,4.6,CUST-006,72,3.8,26695.61
2024-07-30,INV-00202,Coffee Beans Pack,Food,5,4585.54,1078.95,936.31,5.0,CUST-006,72,3.8,26695.61
2024-07-30,INV-00329,Quinoa 1kg,Food,5,2106.34,495.61,463.24,3.5,CUST-015,71,5.1,25888.31
2024-08-02,INV-00383,USB-C Hub,Electronics,1,563.68,626.31,665.95,4.4,CUST-012,46,12.9,24941.59
2024-08-02,INV-00383,Denim Jeans,Apparel,3,2564.95,949.98,924.48,3.9,CUST-012,46,12.9,24941.59
2024-08-02,INV-00383,Curtain Set,Home,3,4360.64,1615.05,1651.09,4.7,CUST-012,46,12.9,24941.59
2024-08-03,INV-00084,Sofa,Home,2,9000.0,5000,5000,4.3,CUST-005,28,4.3,24876.71
2024-08-03,INV-00084,Area Rug,Home,1,1595.99,1773.32,1962.13,4.6,CUST-005,28,4.3,24876.71
2024-08-03,INV-00084,Throw Pillow,Home,3,2069.17,766.36,718.46,4.9,CUST-005,28,4.3,24876.71
2024-08-03,INV-00219,Formal Shirt,Apparel,5,3465.13,770.03,832.0,4.9,CUST-010,36,3.2,38374.1
2024-08-03,INV-00219,Bookshelf,Home,4,8279.46,2299.85,2213.9,4.3,CUST-010,36,3.2,38374.1
2024-08-03,INV-00219,Polo T-Shirt,Apparel,2,1396.08,775.6,685.18,4.0,CUST-010,36,3.2,38374.1
2024-08-04,INV-00089,Running Shoes,Apparel,3,7144.69,2646.18,2879.99,4.0,CUST-025,119,10.0,23164.09
2024-08-04,INV-00089,Sports Shorts,Apparel,2,813.85,452.14,414.36,3.8,CUST-025,119,10.0,23164.09
2024-08-05,INV-00048,Yoga Mat,Health,2,3249.63,1805.35,1732.41,3.9,CUST-012,46,12.9,24941.59
2024-08-05,INV-00048,Resistance Bands Set,Health,1,585.31,650.34,626.11,4.6,CUST-012,46,12.9,24941.59
2024-08-06,INV-00192,Yoga Pants,Apparel,5,3670.02,815.56,750.84,4.4,CUST-022,90,14.1,26625.34
2024-08-06,INV-00192,Water Bottle 1L,Health,5,1755.67,390.15,389.9,4.2,CUST-022,90,14.1,26625.34
2024-08-06,INV-00350,Running Shoes,Apparel,3,3470.42,1285.34,1454.54,4.9,CUST-009,104,3.2,18059.35
2024-08-06,INV-00350,Dark Chocolate Bar,Food,2,386.78,214.88,215.74,4.4,CUST-009,104,3.2,18059.35
2024-08-06,INV-00350,Cotton T-Shirt,Apparel,4,1335.89,371.08,339.64,3.8,CUST-009,104,3.2,18059.35
2024-08-07,INV-00097,Organic Green Tea,Food,3,827.25,306.39,305.86,3.6,CUST-019,30,13.1,16444.8
2024-08-07,INV-00097,Leather Belt,Apparel,5,3605.13,801.14,839.78,3.6,CUST-019,30,13.1,16444.8
2024-08-07,INV-00097,Mechanical Keyboard,Electronics,2,4781.83,2656.57,2419.58,3.6,CUST-019,30,13.1,16444.8
2024-08-07,INV-00097,Wireless Mouse,Electronics,3,1769.28,655.29,605.3,4.0,CUST-019,30,13.1,16444.8
2024-08-07,INV-00175,Massage Gun,Health,3,12452.78,4612.14,5000,3.6,CUST-001,82,2.6,30178.92
2024-08-07,INV-00175,Water Bottle 1L,Health,2,766.13,425.63,461.71,3.6,CUST-001,82,2.6,30178.92
2024-08-07,INV-00254,Bluetooth Headphones,Electronics,3,4759.59,1762.81,1695.13,3.7,CUST-011,44,2.4,16437.24
2024-08-07,INV-00254,Tablet Stand,Electronics,3,1699.54,629.46,601.13,4.7,CUST-011,44,2.4,16437.24
2024-08-07,INV-00392,Multivitamin Capsules,Health,1,828.15,920.17,853.42,5.0,CUST-010,36,3.2,38374.1
2024-08-07,INV-00392,Resistance Bands Set,Health,1,729.74,810.82,831.6,3.7,CUST-010,36,3.2,38374.1
2024-08-08,INV-00011,Sofa,Home,1,4500.0,5000,5000,4.5,CUST-022,90,14.1,26625.34
2024-08-08,INV-00011,Floor Lamp,Home,2,2566.94,1426.08,1451.03,4.7,CUST-022,90,14.1,26625.34
2024-08-08,INV-00094,Sofa,Home,3,13500.0,5000,5000,4.5,CUST-012,46,12.9,24941.59
2024-08-08,INV-00094,Floor Lamp,Home,1,570.74,634.16,656.15,3.8,CUST-012,46,12.9,24941.59
2024-08-09,INV-00088,Sofa,Home,3,13500.0,5000,5000,3.6,CUST-003,87,11.4,22723.93
2024-08-09,INV-00088,Floor Lamp,Home,2,2645.95,1469.97,1520.57,4.0,CUST-003,87,11.4,22723.93
2024-08-09,INV-00402,Noise Cancelling Earbuds,Electronics,1,2374.39,2638.21,2373.45,4.4,CUST-010,36,3.2,38374.1
2024-08-09,INV-00402,Hooded Sweatshirt,Apparel,4,5118.62,1421.84,1467.57,3.9,CUST-010,36,3.2,38374.1
2024-08-09,INV-00402,Bed Frame,Home,4,18000.0,5000,5000,4.9,CUST-010,36,3.2,38374.1
2024-08-10,INV-00270,Smart Watch,Electronics,4,8809.74,2447.15,2271.04,4.9,CUST-020,59,9.9,15863.62
2024-08-11,INV-00115,Mixed Nuts Pack,Food,5,2915.73,647.94,714.1,3.9,CUST-012,46,12.9,24941.59
2024-08-11,INV-00115,Resistance Bands Set,Health,2,996.52,553.62,548.54,4.3,CUST-012,46,12.9,24941.59
2024-08-11,INV-00115,Casual Sneakers,Apparel,3,3749.81,1388.82,1505.68,4.2,CUST-012,46,12.9,24941.59
2024-08-11,INV-00115,Vitamin C Supplement,Health,4,2043.0,567.5,579.16,3.6,CUST-012,46,12.9,24941.59
2024-08-12,INV-00353,Webcam HD,Electronics,1,1405.94,1562.15,1543.77,4.7,CUST-021,48,6.0,27466.66
2024-08-12,INV-00353,Smartphone Charger,Electronics,4,1414.84,393.01,436.88,4.9,CUST-021,48,6.0,27466.66
2024-08-14,INV-00021,Desk Chair,Home,1,4500.0,5000,5000,4.9,CUST-024,32,3.3,16419.31
2024-08-14,INV-00021,Coffee Table,Home,2,9000.0,5000,5000,4.4,CUST-024,32,3.3,16419.31
2024-08-14,INV-00212,Cotton T-Shirt,Apparel,4,1311.66,364.35,404.35,4.6,CUST-024,32,3.3,16419.31
2024-08-14,INV-00212,Leather Belt,Apparel,2,1548.63,860.35,836.65,3.6,CUST-024,32,3.3,16419.31
2024-08-14,INV-00212,Wall Clock,Home,5,3679.92,817.76,881.33,4.8,CUST-024,32,3.3,16419.31
2024-08-15,INV-00158,Olive Oil Extra Virgin,Food,1,686.62,762.91,760.85,3.5,CUST-010,36,3.2,38374.1
2024-08-15,INV-00158,Laptop Stand,Electronics,3,1753.41,649.41,692.89,4.8,CUST-010,36,3.2,38374.1
2024-08-15,INV-00158,Portable Speaker,Electronics,5,3624.03,805.34,866.77,4.9,CUST-010,36,3.2,38374.1
2024-08-16,INV-00034,Laptop Stand,Electronics,2,1749.1,971.72,942.84,4.6,CUST-018,99,5.1,5032.1
2024-08-16,INV-00034,Webcam HD,Electronics,2,2914.2,1619.0,1766.23,4.4,CUST-018,99,5.1,5032.1
2024-08-16,INV-00064,Protein Powder,Food,3,4805.65,1779.87,1830.4,4.1,CUST-005,28,4.3,24876.71
2024-08-16,INV-00064,Whey Protein,Health,1,2687.0,2985.55,3211.35,4.4,CUST-005,28,4.3,24876.71
2024-08-17,INV-00162,Bookshelf,Home,5,13968.54,3104.12,3620.83,4.4,CUST-003,87,11.4,22723.93
2024-08-17,INV-00162,Area Rug,Home,3,9822.9,3638.11,3557.24,3.7,CUST-003,87,11.4,22723.93
2024-08-17,INV-00162,Whey Protein,Health,4,8342.57,2317.38,2382.98,5.0,CUST-003,87,11.4,22723.93
2024-08-17,INV-00162,Yoga Mat,Health,1,986.67,1096.3,964.06,3.9,CUST-003,87,11.4,22723.93
2024-08-18,INV-00170,Yoga Pants,Apparel,5,6451.29,1433.62,1307.09,4.5,CUST-002,32,4.1,29985.91
2024-08-18,INV-00170,Coffee Beans Pack,Food,5,5863.73,1303.05,1266.62,3.7,CUST-002,32,4.1,29985.91
2024-08-18,INV-00170,Summer Dress,Apparel,3,2321.97,859.99,792.26,4.3,CUST-002,32,4.1,29985.91
2024-08-19,INV-00118,Resistance Bands Set,Health,3,1543.51,571.67,608.01,4.5,CUST-003,87,11.4,22723.93
2024-08-19,INV-00118,Summer Dress,Apparel,3,3632.26,1345.28,1271.24,4.8,CUST-003,87,11.4,22723.93
2024-08-20,INV-00014,Laptop Stand,Electronics,3,1769.2,655.26,678.18,4.5,CUST-009,104,3.2,18059.35
2024-08-20,INV-00014,Webcam HD,Electronics,1,1166.86,1296.51,1247.35,4.4,CUST-009,104,3.2,18059.35
2024-08-20,INV-00039,Mechanical Keyboard,Electronics,2,3182.33,1767.96,1672.97,3.9,CUST-007,70,6.9,19069.94
2024-08-20,INV-00039,Wireless Mouse,Electronics,2,741.53,411.96,436.86,3.8,CUST-007,70,6.9,19069.94
2024-08-20,INV-00087,Laptop Stand,Electronics,2,1287.76,715.42,667.9,4.5,CUST-011,44,2.4,16437.24
2024-08-20,INV-00087,Webcam HD,Electronics,1,1074.52,1193.91,1362.43,3.6,CUST-011,44,2.4,16437.24
2024-08-21,INV-00033,Bed Frame,Home,3,13500.0,5000,5000,4.4,CUST-004,76,6.9,3132.29
2024-08-21,INV-00033,Area Rug,Home,3,10872.31,4026.78,3979.87,4.8,CUST-004,76,6.9,3132.29
2024-08-21,INV-00184,Smart Watch,Electronics,1,2212.82,2458.69,2619.74,3.8,CUST-016,114,13.1,23939.38
2024-08-21,INV-00184,Multivitamin Capsules,Health,2,1211.65,673.14,766.73,3.6,CUST-016,114,13.1,23939.38
2024-08-21,INV-00184,LED Desk Lamp,Electronics,1,417.89,464.32,411.26,4.3,CUST-016,114,13.1,23939.38
2024-08-21,INV-00288,Area Rug,Home,3,7927.17,2935.99,2809.41,4.1,CUST-020,59,9.9,15863.62
2024-08-21,INV-00288,Curtain Set,Home,2,1689.41,938.56,992.38,4.0,CUST-020,59,9.9,15863.62
2024-08-21,INV-00288,Winter Jacket,Apparel,4,10861.13,3016.98,3494.42,3.9,CUST-020,59,9.9,15863.62
2024-08-21,INV-00288,Yoga Pants,Apparel,1,1123.95,1248.83,1240.93,4.3,CUST-020,59,9.9,15863.62
2024-08-22,INV-00002,Laptop Stand,Electronics,3,1487.27,550.84,605.03,3.9,CUST-021,48,6.0,27466.66
2024-08-22,INV-00002,Webcam HD,Electronics,1,1334.57,1482.86,1391.7,5.0,CUST-021,48,6.0,27466.66
2024-08-22,INV-00220,Winter Jacket,Apparel,2,7096.41,3942.45,4071.49,4.0,CUST-019,30,13.1,16444.8
2024-08-22,INV-00220,Organic Green Tea,Food,2,389.45,216.36,202.24,4.4,CUST-019,30,13.1,16444.8
2024-08-25,INV-00186,Coffee Table,Home,2,7079.62,3933.12,4018.1,3.7,CUST-008,36,12.3,2246.95
2024-08-25,INV-00186,Knit Sweater,Apparel,1,2061.76,2290.84,2429.34,4.9,CUST-008,36,12.3,2246.95
2024-08-25,INV-00186,Olive Oil Extra Virgin,Food,3,1373.65,508.76,542.83,3.7,CUST-008,36,12.3,2246.95
2024-08-28,INV-00112,Curtain Set,Home,1,1735.69,1928.54,1747.69,4.0,CUST-013,104,1.6,19458.15
2024-08-31,INV-00047,Bed Frame,Home,1,4500.0,5000,5000,3.9,CUST-023,78,9.9,22297.32
2024-08-31,INV-00047,Area Rug,Home,2,4403.79,2446.55,2609.81,4.2,CUST-023,78,9.9,22297.32
2024-08-31,INV-00408,Jump Rope,Health,3,1281.15,474.5,505.99,3.5,CUST-014,16,14.6,16384.31
2024-08-31,INV-00408,Yoga Mat,Health,1,1603.94,1782.15,1908.01,4.5,CUST-014,16,14.6,16384.31
2024-09-01,INV-00139,Polo T-Shirt,Apparel,5,3509.3,738.8,795.92,4.7,CUST-005,28,4.3,24876.71
2024-09-01,INV-00139,Massage Gun,Health,5,22246.72,4683.52,4761.55,4.8,CUST-005,28,4.3,24876.71
2024-09-02,INV-00377,Webcam HD,Electronics,2,2601.23,1369.07,1362.91,4.2,CUST-024,32,3.3,16419.31
2024-09-03,INV-00265,Smart Home Hub,Electronics,5,11766.65,2477.19,2614.61,4.5,CUST-016,114,13.1,23939.38
2024-09-03,INV-00265,Leather Belt,Apparel,4,2067.92,544.19,512.16,4.4,CUST-016,114,13.1,23939.38
2024-09-03,INV-00339,Smart Watch,Electronics,2,8512.82,4480.43,4281.96,3.8,CUST-006,72,3.8,26695.61
2024-09-03,INV-00339,Noise Cancelling Earbuds,Electronics,4,11432.91,3008.66,3087.77,3.7,CUST-006,72,3.8,26695.61
2024-09-03,INV-00339,Storage Basket,Home,4,2010.31,529.03,486.44,3.8,CUST-006,72,3.8,26695.61
2024-09-03,INV-00339,Summer Dress,Apparel,5,7092.41,1493.14,1413.78,4.7,CUST-006,72,3.8,26695.61
2024-09-05,INV-00104,Smart Home Hub,Electronics,5,11492.43,2419.46,2115.0,4.8,CUST-011,44,2.4,16437.24
2024-09-05,INV-00104,Webcam HD,Electronics,5,7680.51,1616.95,1628.9,3.7,CUST-011,44,2.4,16437.24
2024-09-06,INV-00152,Bluetooth Headphones,Electronics,3,5561.75,1951.49,2066.13,4.3,CUST-022,90,14.1,26625.34
2024-09-06,INV-00282,Running Shoes,Apparel,3,3741.0,1312.63,1265.6,4.2,CUST-011,44,2.4,16437.24
2024-09-06,INV-00282,Multivitamin Capsules,Health,3,2205.96,774.02,747.05,4.0,CUST-011,44,2.4,16437.24
2024-09-06,INV-00282,USB-C Hub,Electronics,4,3661.19,963.47,899.54,3.7,CUST-011,44,2.4,16437.24
2024-09-07,INV-00221,Webcam HD,Electronics,4,4868.67,1281.23,1268.36,4.1,CUST-006,72,3.8,26695.61
2024-09-07,INV-00400,Storage Basket,Home,3,1089.38,382.24,410.94,3.7,CUST-004,76,6.9,3132.29
2024-09-08,INV-00196,Laptop Stand,Electronics,1,569.03,598.98,620.22,4.0,CUST-006,72,3.8,26695.61
2024-09-09,INV-00003,Desk Chair,Home,3,12120.51,4252.81,4037.23,3.7,CUST-017,91,2.0,27128.01
2024-09-09,INV-00003,Coffee Table,Home,3,14250.0,5000,5000,5.0,CUST-017,91,2.0,27128.01
2024-09-10,INV-00180,Mechanical Keyboard,Electronics,2,5507.91,2898.9,3052.2,4.1,CUST-008,36,12.3,2246.95
2024-09-10,INV-00180,Knit Sweater,Apparel,2,4287.46,2256.56,2299.87,4.6,CUST-008,36,12.3,2246.95
2024-09-10,INV-00180,Coffee Table,Home,1,4750.0,5000,5000,3.5,CUST-008,36,12.3,2246.95
2024-09-10,INV-00180,Area Rug,Home,4,8077.05,2125.54,2258.96,4.3,CUST-008,36,12.3,2246.95
2024-09-11,INV-00200,Sports Shorts,Apparel,1,534.91,563.06,592.15,4.7,CUST-004,76,6.9,3132.29
2024-09-11,INV-00200,Portable Speaker,Electronics,1,1428.54,1503.73,1412.08,3.9,CUST-004,76,6.9,3132.29
2024-09-11,INV-00331,Formal Shirt,Apparel,3,2778.21,974.81,896.52,4.7,CUST-003,87,11.4,22723.93
2024-09-11,INV-00331,Coffee Beans Pack,Food,1,1209.11,1272.75,1205.74,4.7,CUST-003,87,11.4,22723.93
2024-09-12,INV-00060,Mechanical Keyboard,Electronics,3,6434.93,2257.87,2044.09,3.7,CUST-020,59,9.9,15863.62
2024-09-12,INV-00060,Wireless Mouse,Electronics,1,508.09,534.83,513.32,5.0,CUST-020,59,9.9,15863.62
2024-09-15,INV-00137,Cotton T-Shirt,Apparel,3,1628.89,571.54,494.09,4.7,CUST-005,28,4.3,24876.71
2024-09-15,INV-00137,Herbal Honey,Food,4,2054.55,540.67,486.06,4.7,CUST-005,28,4.3,24876.71
2024-09-15,INV-00137,Sports Shorts,Apparel,2,1197.87,630.46,684.35,5.0,CUST-005,28,4.3,24876.71
2024-09-15,INV-00137,Protein Powder,Food,4,6805.72,1790.98,1513.05,3.9,CUST-005,28,4.3,24876.71
2024-09-15,INV-00232,Multivitamin Capsules,Health,2,1083.27,570.14,485.77,4.3,CUST-006,72,3.8,26695.61
2024-09-15,INV-00232,Yoga Mat,Health,4,4377.26,1151.91,1003.64,4.7,CUST-006,72,3.8,26695.61
2024-09-15,INV-00232,Portable Speaker,Electronics,1,1227.97,1292.6,1232.24,5.0,CUST-006,72,3.8,26695.61
2024-09-15,INV-00232,Knit Sweater,Apparel,1,1937.98,2039.98,2093.66,4.3,CUST-006,72,3.8,26695.61
2024-09-16,INV-00028,Winter Jacket,Apparel,2,5220.84,2747.81,2708.25,4.3,CUST-010,36,3.2,38374.1
2024-09-16,INV-00028,Knit Sweater,Apparel,3,3964.78,1391.15,1328.88,4.9,CUST-010,36,3.2,38374.1
2024-09-16,INV-00043,Mechanical Keyboard,Electronics,2,4041.47,2127.09,2193.17,3.7,CUST-003,87,11.4,22723.93
2024-09-16,INV-00043,Wireless Mouse,Electronics,3,2265.61,794.95,846.19,3.7,CUST-003,87,11.4,22723.93
2024-09-18,INV-00258,Hooded Sweatshirt,Apparel,5,7011.05,1476.01,1573.68,4.5,CUST-017,91,2.0,27128.01
2024-09-18,INV-00341,Quinoa 1kg,Food,3,2127.07,746.34,796.87,3.7,CUST-020,59,9.9,15863.62
2024-09-18,INV-00341,Multivitamin Capsules,Health,5,2577.49,542.63,560.0,4.1,CUST-020,59,9.9,15863.62
2024-09-18,INV-00341,Smart Watch,Electronics,5,13122.11,2762.55,2715.86,3.8,CUST-020,59,9.9,15863.62
2024-09-18,INV-00341,Water Bottle 1L,Health,3,1014.69,356.03,374.28,4.8,CUST-020,59,9.9,15863.62
2024-09-19,INV-00150,Track Pants,Apparel,1,638.01,671.59,661.06,4.3,CUST-012,46,12.9,24941.59
2024-09-19,INV-00150,Herbal Honey,Food,5,1780.06,374.75,366.2,4.4,CUST-012,46,12.9,24941.59
2024-09-19,INV-00150,Protein Powder,Food,4,5965.39,1569.84,1559.96,4.4,CUST-012,46,12.9,24941.59
2024-09-19,INV-00150,Olive Oil Extra Virgin,Food,3,1854.55,650.72,716.35,3.9,CUST-012,46,12.9,24941.59
2024-09-19,INV-00387,Track Pants,Apparel,1,947.52,997.39,995.36,4.6,CUST-022,90,14.1,26625.34
2024-09-20,INV-00259,Summer Dress,Apparel,4,5998.72,1578.61,1728.27,4.9,CUST-025,119,10.0,23164.09
2024-09-20,INV-00259,Smartphone Charger,Electronics,3,620.36,217.67,198.47,4.1,CUST-025,119,10.0,23164.09
2024-09-21,INV-00262,Yoga Pants,Apparel,2,2058.78,1083.57,989.5,3.8,CUST-008,36,12.3,2246.95
2024-09-21,INV-00262,Yoga Mat,Health,2,2352.67,1238.25,1159.72,4.0,CUST-008,36,12.3,2246.95
2024-09-21,INV-00262,Knit Sweater,Apparel,3,5768.14,2023.91,1968.04,4.6,CUST-008,36,12.3,2246.95
2024-09-21,INV-00262,Track Pants,Apparel,2,1495.76,787.24,734.14,4.5,CUST-008,36,12.3,2246.95
2024-09-22,INV-00163,Summer Dress,Apparel,3,4011.29,1407.47,1395.26,5.0,CUST-017,91,2.0,27128.01
2024-09-22,INV-00163,Casual Sneakers,Apparel,1,1559.52,1641.6,1845.03,3.7,CUST-017,91,2.0,27128.01
2024-09-22,INV-00302,Laptop Stand,Electronics,2,1156.06,608.45,570.18,4.4,CUST-007,70,6.9,19069.94
2024-09-23,INV-00146,Leather Belt,Apparel,2,1300.7,684.58,716.65,4.4,CUST-022,90,14.1,26625.34
2024-09-23,INV-00146,Cotton T-Shirt,Apparel,4,1788.55,470.67,524.25,4.7,CUST-022,90,14.1,26625.34
2024-09-23,INV-00245,Dark Chocolate Bar,Food,3,543.38,190.66,185.44,3.8,CUST-006,72,3.8,26695.61
2024-09-23,INV-00371,Denim Jeans,Apparel,3,5064.19,1776.91,1613.3,4.1,CUST-007,70,6.9,19069.94
2024-09-23,INV-00396,Dark Chocolate Bar,Food,5,1007.24,212.05,234.01,3.5,CUST-022,90,14.1,26625.34
2024-09-23,INV-00396,Noise Cancelling Earbuds,Electronics,1,3088.26,3250.8,3381.44,4.1,CUST-022,90,14.1,26625.34
2024-09-23,INV-00396,Wall Clock,Home,1,552.39,581.46,583.04,3.8,CUST-022,90,14.1,26625.34
2024-09-23,INV-00396,Knit Sweater,Apparel,2,3951.43,2079.7,2209.97,4.2,CUST-022,90,14.1,26625.34
2024-09-24,INV-00044,Desk Chair,Home,3,14250.0,5000,5000,4.7,CUST-024,32,3.3,16419.31
2024-09-24,INV-00044,Coffee Table,Home,2,9500.0,5000,4967.35,4.8,CUST-024,32,3.3,16419.31
2024-09-24,INV-00333,Bluetooth Headphones,Electronics,1,2353.94,2477.83,2487.38,4.0,CUST-023,78,9.9,22297.32
2024-09-26,INV-00140,Area Rug,Home,5,17650.24,3715.84,3316.6,3.7,CUST-003,87,11.4,22723.93
2024-09-26,INV-00140,Formal Shirt,Apparel,2,1894.93,997.33,903.64,4.6,CUST-003,87,11.4,22723.93
2024-09-26,INV-00140,Whey Protein,Health,1,2054.71,2162.85,2052.68,4.2,CUST-003,87,11.4,22723.93
2024-09-26,INV-00140,Mechanical Keyboard,Electronics,4,7647.35,2012.46,1806.66,4.5,CUST-003,87,11.4,22723.93
2024-09-27,INV-00019,Coffee Beans Pack,Food,3,1782.62,625.48,577.07,3.7,CUST-021,48,6.0,27466.66
2024-09-27,INV-00019,Dark Chocolate Bar,Food,3,1028.37,360.83,404.09,4.3,CUST-021,48,6.0,27466.66
2024-09-28,INV-00006,Desk Chair,Home,1,4750.0,5000,5000,4.9,CUST-018,99,5.1,5032.1
2024-09-28,INV-00006,Coffee Table,Home,1,4750.0,5000,5000,3.9,CUST-018,99,5.1,5032.1
2024-09-28,INV-00236,Throw Pillow,Home,2,989.52,520.8,569.0,4.5,CUST-001,82,2.6,30178.92
2024-09-30,INV-00222,Protein Powder,Food,1,2278.16,2398.06,2355.42,4.5,CUST-002,32,4.1,29985.91
2024-09-30,INV-00222,Jump Rope,Health,3,1078.04,378.26,406.03,4.0,CUST-002,32,4.1,29985.91
2024-10-02,INV-00018,Sofa,Home,1,5500.0,5000,5000,4.8,CUST-003,87,11.4,22723.93
2024-10-02,INV-00018,Floor Lamp,Home,3,2972.18,900.66,1007.27,4.0,CUST-003,87,11.4,22723.93
2024-10-02,INV-00171,Sports Shorts,Apparel,1,585.19,531.99,591.47,3.7,CUST-020,59,9.9,15863.62
2024-10-02,INV-00171,Organic Green Tea,Food,3,1390.19,421.27,380.07,4.8,CUST-020,59,9.9,15863.62
2024-10-02,INV-00249,Wall Clock,Home,1,730.59,664.17,608.66,3.8,CUST-007,70,6.9,19069.94
2024-10-02,INV-00249,Foam Roller,Health,3,2610.96,791.2,890.53,4.1,CUST-007,70,6.9,19069.94
2024-10-02,INV-00249,Mixed Nuts Pack,Food,4,2726.2,619.59,598.0,4.5,CUST-007,70,6.9,19069.94
2024-10-02,INV-00249,External SSD,Electronics,5,21402.43,3891.35,3946.07,3.6,CUST-007,70,6.9,19069.94
2024-10-02,INV-00379,Floor Lamp,Home,1,1157.38,1052.16,1044.31,4.9,CUST-003,87,11.4,22723.93
2024-10-02,INV-00379,Jump Rope,Health,3,981.62,297.46,334.5,4.1,CUST-003,87,11.4,22723.93
2024-10-02,INV-00379,Vitamin C Supplement,Health,4,1320.66,300.15,290.83,4.8,CUST-003,87,11.4,22723.93
2024-10-02,INV-00379,Hooded Sweatshirt,Apparel,4,4483.86,1019.06,983.02,4.7,CUST-003,87,11.4,22723.93
2024-10-02,INV-00390,Vitamin C Supplement,Health,4,1450.99,329.77,339.82,4.0,CUST-025,119,10.0,23164.09
2024-10-03,INV-00145,Mixed Nuts Pack,Food,5,2712.93,493.26,440.08,4.0,CUST-008,36,12.3,2246.95
2024-10-03,INV-00145,Dark Chocolate Bar,Food,3,1005.35,304.65,286.59,4.8,CUST-008,36,12.3,2246.95
2024-10-04,INV-00207,Vitamin C Supplement,Health,4,2737.94,622.26,632.71,4.4,CUST-012,46,12.9,24941.59
2024-10-04,INV-00207,Bookshelf,Home,1,2917.73,2652.48,2638.58,4.3,CUST-012,46,12.9,24941.59
2024-10-04,INV-00207,Throw Pillow,Home,5,4250.24,772.77,782.19,3.7,CUST-012,46,12.9,24941.59
2024-10-04,INV-00207,Quinoa 1kg,Food,2,1701.04,773.2,860.92,5.0,CUST-012,46,12.9,24941.59
2024-10-04,INV-00278,Quinoa 1kg,Food,5,2791.2,507.49,566.44,4.8,CUST-025,119,10.0,23164.09
2024-10-04,INV-00367,Dark Chocolate Bar,Food,3,1250.5,378.94,330.66,4.8,CUST-020,59,9.9,15863.62
2024-10-04,INV-00367,Portable Speaker,Electronics,3,2965.78,898.72,937.01,4.0,CUST-020,59,9.9,15863.62
2024-10-06,INV-00304,Casual Sneakers,Apparel,4,8860.81,2013.82,2019.08,3.5,CUST-019,30,13.1,16444.8
2024-10-06,INV-00304,Throw Pillow,Home,2,683.08,310.49,280.49,5.0,CUST-019,30,13.1,16444.8
2024-10-09,INV-00255,LED Desk Lamp,Electronics,2,1234.64,561.2,589.37,4.8,CUST-016,114,13.1,23939.38
2024-10-10,INV-00004,Yoga Mat,Health,3,5169.15,1566.41,1734.1,4.8,CUST-009,104,3.2,18059.35
2024-10-10,INV-00004,Resistance Bands Set,Health,2,2316.95,1053.16,986.27,4.2,CUST-009,104,3.2,18059.35
2024-10-10,INV-00239,Noise Cancelling Earbuds,Electronics,2,4968.7,2258.5,2388.89,4.3,CUST-023,78,9.9,22297.32
2024-10-10,INV-00239,Bed Frame,Home,3,16500.0,5000,5000,4.3,CUST-023,78,9.9,22297.32
2024-10-11,INV-00090,Sofa,Home,2,11000.0,5000,5000,4.8,CUST-012,46,12.9,24941.59
2024-10-11,INV-00090,Floor Lamp,Home,3,5029.63,1524.13,1517.35,4.3,CUST-012,46,12.9,24941.59
2024-10-12,INV-00303,Mixed Nuts Pack,Food,2,1640.76,745.8,679.89,4.3,CUST-006,72,3.8,26695.61
2024-10-12,INV-00303,Olive Oil Extra Virgin,Food,5,4485.03,815.46,809.35,4.2,CUST-006,72,3.8,26695.61
2024-10-12,INV-00303,Bookshelf,Home,3,9901.55,3000.47,3417.55,4.8,CUST-006,72,3.8,26695.61
2024-10-12,INV-00303,Floor Lamp,Home,3,3247.36,984.05,1047.12,4.4,CUST-006,72,3.8,26695.61
2024-10-12,INV-00359,Smartphone Charger,Electronics,5,2743.95,498.9,535.96,4.3,CUST-001,82,2.6,30178.92
2024-10-12,INV-00359,Massage Gun,Health,1,4077.51,3706.83,3404.1,3.8,CUST-001,82,2.6,30178.92
2024-10-13,INV-00368,Desk Chair,Home,5,27500.0,5000,5000,3.7,CUST-021,48,6.0,27466.66
2024-10-14,INV-00241,Mixed Nuts Pack,Food,3,1760.71,533.55,556.0,4.5,CUST-024,32,3.3,16419.31
2024-10-14,INV-00241,Desk Chair,Home,3,13809.68,4184.75,4150.1,4.9,CUST-024,32,3.3,16419.31
2024-10-15,INV-00345,Smart Watch,Electronics,5,12283.98,2233.45,2286.89,3.5,CUST-024,32,3.3,16419.31
2024-10-15,INV-00345,Track Pants,Apparel,3,2512.42,761.34,710.54,3.9,CUST-024,32,3.3,16419.31
2024-10-15,INV-00345,LED Desk Lamp,Electronics,1,587.44,534.04,514.45,4.4,CUST-024,32,3.3,16419.31
2024-10-16,INV-00082,Bed Frame,Home,3,16500.0,5000,5000,3.8,CUST-005,28,4.3,24876.71
2024-10-16,INV-00082,Area Rug,Home,3,11917.13,3611.25,3363.45,3.5,CUST-005,28,4.3,24876.71
2024-10-17,INV-00316,Coffee Table,Home,2,6542.34,2973.79,3312.82,4.3,CUST-020,59,9.9,15863.62
2024-10-17,INV-00316,Smart Home Hub,Electronics,4,14776.08,3358.2,3189.01,4.2,CUST-020,59,9.9,15863.62
2024-10-19,INV-00124,Bed Frame,Home,4,22000.0,5000,5000,3.9,CUST-007,70,6.9,19069.94
2024-10-19,INV-00124,Wireless Mouse,Electronics,4,1805.32,410.3,422.97,4.2,CUST-007,70,6.9,19069.94
2024-10-19,INV-00124,Resistance Bands Set,Health,3,2349.04,711.83,802.17,4.6,CUST-007,70,6.9,19069.94
2024-10-19,INV-00124,Throw Pillow,Home,3,2524.86,765.11,665.66,4.3,CUST-007,70,6.9,19069.94
2024-10-19,INV-00159,Storage Basket,Home,2,875.89,398.13,372.93,4.2,CUST-008,36,12.3,2246.95
2024-10-19,INV-00159,LED Desk Lamp,Electronics,3,1543.41,467.7,420.88,4.9,CUST-008,36,12.3,2246.95
2024-10-19,INV-00240,Floor Lamp,Home,4,4102.52,932.39,887.58,3.7,CUST-019,30,13.1,16444.8
2024-10-19,INV-00240,Resistance Bands Set,Health,2,2068.2,940.09,1027.37,5.0,CUST-019,30,13.1,16444.8
2024-10-19,INV-00240,Area Rug,Home,3,10213.6,3095.03,2871.23,3.8,CUST-019,30,13.1,16444.8
2024-10-19,INV-00240,Yoga Mat,Health,5,7023.39,1276.98,1280.55,4.8,CUST-019,30,13.1,16444.8
2024-10-22,INV-00057,Running Shoes,Apparel,3,4279.34,1296.77,1255.42,4.2,CUST-009,104,3.2,18059.35
2024-10-22,INV-00057,Sports Shorts,Apparel,2,1244.91,565.87,530.78,5.0,CUST-009,104,3.2,18059.35
2024-10-23,INV-00261,Casual Sneakers,Apparel,3,6254.62,1895.34,1638.07,4.1,CUST-009,104,3.2,18059.35
2024-10-23,INV-00373,Wall Clock,Home,4,3528.49,801.93,808.81,4.0,CUST-014,16,14.6,16384.31
2024-10-23,INV-00373,Dark Chocolate Bar,Food,3,621.32,188.28,168.57,3.8,CUST-014,16,14.6,16384.31
2024-10-23,INV-00373,Knit Sweater,Apparel,2,3489.93,1586.33,1755.05,4.0,CUST-014,16,14.6,16384.31
2024-10-24,INV-00369,Mixed Nuts Pack,Food,4,2563.13,582.53,560.71,3.9,CUST-016,114,13.1,23939.38
2024-10-24,INV-00369,Olive Oil Extra Virgin,Food,5,2913.3,529.69,536.24,4.7,CUST-016,114,13.1,23939.38
2024-10-26,INV-00036,Laptop Stand,Electronics,3,3056.72,926.28,1061.92,4.1,CUST-025,119,10.0,23164.09
2024-10-26,INV-00036,Webcam HD,Electronics,2,1962.16,891.89,960.38,4.3,CUST-025,119,10.0,23164.09
2024-10-26,INV-00194,Vitamin C Supplement,Health,1,604.57,549.61,605.46,4.6,CUST-025,119,10.0,23164.09
2024-10-26,INV-00194,Laptop Stand,Electronics,4,4317.59,981.27,1086.72,4.0,CUST-025,119,10.0,23164.09
2024-10-29,INV-00066,Desk Chair,Home,1,5500.0,5000,5000,4.3,CUST-017,91,2.0,27128.01
2024-10-29,INV-00066,Coffee Table,Home,3,16285.83,4935.1,4723.41,5.0,CUST-017,91,2.0,27128.01
2024-10-29,INV-00257,Water Bottle 1L,Health,2,1195.02,543.19,513.92,4.0,CUST-025,119,10.0,23164.09
2024-10-29,INV-00257,Throw Pillow,Home,3,1395.44,422.86,434.7,3.7,CUST-025,119,10.0,23164.09
2024-10-29,INV-00364,Quinoa 1kg,Food,5,2491.66,453.03,469.79,4.9,CUST-007,70,6.9,19069.94
2024-10-29,INV-00364,Cotton T-Shirt,Apparel,1,761.21,692.01,652.37,3.6,CUST-007,70,6.9,19069.94
2024-10-29,INV-00364,Protein Powder,Food,5,9634.9,1751.8,1515.03,4.1,CUST-007,70,6.9,19069.94
2024-10-31,INV-00055,Desk Chair,Home,1,5500.0,5000,5000,4.2,CUST-010,36,3.2,38374.1
2024-10-31,INV-00055,Coffee Table,Home,3,13778.36,4175.26,3985.89,4.2,CUST-010,36,3.2,38374.1
2024-11-03,INV-00217,Wall Clock,Home,4,5067.19,974.46,978.97,4.6,CUST-002,32,4.1,29985.91
2024-11-03,INV-00217,Floor Lamp,Home,3,4603.44,1180.37,1210.02,4.6,CUST-002,32,4.1,29985.91
2024-11-03,INV-00217,Protein Powder,Food,3,5218.82,1338.16,1424.73,4.3,CUST-002,32,4.1,29985.91
2024-11-04,INV-00037,Winter Jacket,Apparel,2,11022.78,4239.53,4013.22,3.5,CUST-018,99,5.1,5032.1
2024-11-04,INV-00037,Knit Sweater,Apparel,1,2078.34,1598.72,1534.51,4.8,CUST-018,99,5.1,5032.1
2024-11-04,INV-00388,Bookshelf,Home,3,14909.5,3822.95,3670.53,4.9,CUST-004,76,6.9,3132.29
2024-11-04,INV-00388,Noise Cancelling Earbuds,Electronics,5,15015.98,2310.15,2391.69,3.9,CUST-004,76,6.9,3132.29
2024-11-05,INV-00020,Mechanical Keyboard,Electronics,2,3933.44,1512.86,1606.17,4.3,CUST-010,36,3.2,38374.1
2024-11-05,INV-00020,Wireless Mouse,Electronics,3,2031.39,520.87,446.5,4.1,CUST-010,36,3.2,38374.1
2024-11-05,INV-00020,USB-C Hub,Electronics,3,2839.12,727.98,815.85,5.0,CUST-010,36,3.2,38374.1
2024-11-05,INV-00086,Protein Powder,Food,3,6604.73,1693.52,1493.04,4.5,CUST-017,91,2.0,27128.01
2024-11-05,INV-00086,Whey Protein,Health,2,6867.12,2641.2,2407.39,4.8,CUST-017,91,2.0,27128.01
2024-11-05,INV-00343,Bed Frame,Home,1,6500.0,5000,5000,4.4,CUST-023,78,9.9,22297.32
2024-11-05,INV-00343,Polo T-Shirt,Apparel,4,5104.01,981.54,1008.5,4.9,CUST-023,78,9.9,22297.32
2024-11-05,INV-00343,Leather Belt,Apparel,4,3411.56,656.07,611.85,4.6,CUST-023,78,9.9,22297.32
2024-11-05,INV-00343,Coffee Beans Pack,Food,2,1792.08,689.26,722.1,4.6,CUST-023,78,9.9,22297.32
2024-11-06,INV-00283,Bookshelf,Home,3,14775.62,3788.62,3428.43,4.5,CUST-022,90,14.1,26625.34
2024-11-06,INV-00283,Wall Clock,Home,4,3686.18,708.88,757.25,4.4,CUST-022,90,14.1,26625.34
2024-11-07,INV-00110,Mechanical Keyboard,Electronics,1,2504.75,1926.73,1852.46,4.8,CUST-024,32,3.3,16419.31
2024-11-07,INV-00110,Denim Jeans,Apparel,5,8479.38,1304.52,1340.99,3.9,CUST-024,32,3.3,16419.31
2024-11-07,INV-00110,USB-C Hub,Electronics,2,1771.35,681.29,705.05,4.4,CUST-024,32,3.3,16419.31
2024-11-08,INV-00348,Sports Shorts,Apparel,2,1870.08,719.26,774.84,4.6,CUST-014,16,14.6,16384.31
2024-11-08,INV-00348,Running Shoes,Apparel,2,5399.19,2076.61,2058.37,4.0,CUST-014,16,14.6,16384.31
2024-11-08,INV-00348,Laptop Stand,Electronics,4,2498.34,480.45,452.89,3.6,CUST-014,16,14.6,16384.31
2024-11-10,INV-00116,Cotton T-Shirt,Apparel,2,1423.29,547.42,595.11,4.9,CUST-012,46,12.9,24941.59
2024-11-10,INV-00116,Vitamin C Supplement,Health,1,469.24,360.95,381.22,3.7,CUST-012,46,12.9,24941.59
2024-11-10,INV-00116,Foam Roller,Health,5,5357.24,824.19,785.52,3.5,CUST-012,46,12.9,24941.59
2024-11-10,INV-00116,Portable Speaker,Electronics,4,4933.03,948.66,923.91,4.6,CUST-012,46,12.9,24941.59
2024-11-10,INV-00157,Vitamin C Supplement,Health,4,2429.23,467.16,486.33,4.1,CUST-025,119,10.0,23164.09
2024-11-10,INV-00157,Sports Shorts,Apparel,5,4886.24,751.73,666.28,3.9,CUST-025,119,10.0,23164.09
2024-11-10,INV-00157,Curtain Set,Home,4,5454.85,1049.01,1034.72,4.6,CUST-025,119,10.0,23164.09
2024-11-10,INV-00157,Dark Chocolate Bar,Food,1,410.63,315.87,294.9,3.6,CUST-025,119,10.0,23164.09
2024-11-10,INV-00271,Organic Green Tea,Food,2,1176.06,452.33,439.54,4.8,CUST-013,104,1.6,19458.15
2024-11-10,INV-00271,Coffee Table,Home,5,32500.0,5000,5000,4.3,CUST-013,104,1.6,19458.15
2024-11-10,INV-00271,Foam Roller,Health,3,4846.76,1242.76,1279.92,3.9,CUST-013,104,1.6,19458.15
2024-11-11,INV-00080,Multivitamin Capsules,Health,2,1752.37,673.99,572.55,3.8,CUST-016,114,13.1,23939.38
2024-11-11,INV-00080,Vitamin C Supplement,Health,3,1814.55,465.27,462.13,4.1,CUST-016,114,13.1,23939.38
2024-11-11,INV-00129,Coffee Table,Home,1,6487.77,4990.59,4929.5,4.1,CUST-013,104,1.6,19458.15
2024-11-11,INV-00129,Sofa,Home,1,6500.0,5000,5000,4.4,CUST-013,104,1.6,19458.15
2024-11-11,INV-00337,Water Bottle 1L,Health,4,3028.58,582.42,618.02,4.2,CUST-005,28,4.3,24876.71
2024-11-11,INV-00337,Casual Sneakers,Apparel,2,2728.08,1049.26,1085.92,3.9,CUST-005,28,4.3,24876.71
2024-11-11,INV-00337,Storage Basket,Home,4,2302.2,442.73,440.28,4.7,CUST-005,28,4.3,24876.71
2024-11-11,INV-00356,Smart Watch,Electronics,4,15282.12,2938.87,3005.72,4.0,CUST-020,59,9.9,15863.62
2024-11-11,INV-00356,Noise Cancelling Earbuds,Electronics,2,9061.6,3485.23,3157.88,4.6,CUST-020,59,9.9,15863.62
2024-11-12,INV-00311,USB-C Hub,Electronics,3,3175.11,814.13,903.59,4.8,CUST-023,78,9.9,22297.32
2024-11-12,INV-00311,Wall Clock,Home,2,1109.06,426.56,426.2,5.0,CUST-023,78,9.9,22297.32
2024-11-12,INV-00311,Bluetooth Headphones,Electronics,4,10663.43,2050.66,2203.23,4.8,CUST-023,78,9.9,22297.32
2024-11-13,INV-00053,Mechanical Keyboard,Electronics,1,1762.83,1356.02,1171.68,4.4,CUST-019,30,13.1,16444.8
2024-11-13,INV-00053,Wireless Mouse,Electronics,3,1890.21,484.67,474.28,3.6,CUST-019,30,13.1,16444.8
2024-11-13,INV-00053,USB-C Hub,Electronics,2,1556.44,598.63,615.15,3.5,CUST-019,30,13.1,16444.8
2024-11-14,INV-00038,Organic Green Tea,Food,3,1462.11,374.9,368.18,3.5,CUST-005,28,4.3,24876.71
2024-11-14,INV-00038,Herbal Honey,Food,1,697.84,536.8,551.98,3.9,CUST-005,28,4.3,24876.71
2024-11-16,INV-00160,Coffee Table,Home,3,19500.0,5000,5000,4.2,CUST-024,32,3.3,16419.31
2024-11-16,INV-00160,Smartphone Charger,Electronics,5,2208.96,339.84,341.12,3.7,CUST-024,32,3.3,16419.31
2024-11-16,INV-00160,Laptop Stand,Electronics,3,2690.49,689.87,612.92,3.8,CUST-024,32,3.3,16419.31
2024-11-16,INV-00160,Winter Jacket,Apparel,4,15295.38,2941.42,3164.46,5.0,CUST-024,32,3.3,16419.31
2024-11-16,INV-00403,Area Rug,Home,3,9070.5,2325.77,2208.46,4.8,CUST-024,32,3.3,16419.31
2024-11-17,INV-00366,Casual Sneakers,Apparel,3,7695.21,1973.13,1871.02,4.5,CUST-001,82,2.6,30178.92
2024-11-18,INV-00293,Mixed Nuts Pack,Food,3,2532.23,649.29,671.75,3.8,CUST-006,72,3.8,26695.61
2024-11-19,INV-00284,Yoga Mat,Health,4,8881.39,1707.96,1767.82,4.8,CUST-015,71,5.1,25888.31
2024-11-19,INV-00284,Curtain Set,Home,3,3337.15,855.68,827.85,4.5,CUST-015,71,5.1,25888.31
2024-11-19,INV-00307,Smart Watch,Electronics,4,14938.51,2872.79,2582.61,5.0,CUST-021,48,6.0,27466.66
2024-11-19,INV-00307,Area Rug,Home,4,17719.26,3407.55,3049.37,3.9,CUST-021,48,6.0,27466.66
2024-11-19,INV-00307,Winter Jacket,Apparel,5,18693.87,2875.98,2686.66,4.6,CUST-021,48,6.0,27466.66
2024-11-19,INV-00307,Desk Chair,Home,4,26000.0,5000,5000,4.7,CUST-021,48,6.0,27466.66
2024-11-20,INV-00092,Desk Chair,Home,2,13000.0,5000,5000,4.1,CUST-024,32,3.3,16419.31
2024-11-20,INV-00092,Coffee Table,Home,3,16796.83,4306.88,4595.65,4.4,CUST-024,32,3.3,16419.31
2024-11-22,INV-00264,Yoga Mat,Health,2,4027.37,1548.99,1661.87,4.2,CUST-019,30,13.1,16444.8
2024-11-24,INV-00151,Polo T-Shirt,Apparel,1,1042.3,801.77,905.3,4.3,CUST-016,114,13.1,23939.38
2024-11-24,INV-00151,Protein Powder,Food,1,2811.2,2162.46,2430.98,4.6,CUST-016,114,13.1,23939.38
2024-11-24,INV-00151,Yoga Pants,Apparel,2,2500.6,961.77,869.98,3.5,CUST-016,114,13.1,23939.38
2024-11-24,INV-00151,Webcam HD,Electronics,5,8696.87,1337.98,1393.48,4.9,CUST-016,114,13.1,23939.38
2024-11-25,INV-00099,Multivitamin Capsules,Health,3,1709.84,438.42,420.1,4.4,CUST-019,30,13.1,16444.8
2024-11-25,INV-00099,Bed Frame,Home,1,6500.0,5000,5000,3.6,CUST-019,30,13.1,16444.8
2024-11-25,INV-00099,External SSD,Electronics,1,5701.05,4385.42,4979.56,4.4,CUST-019,30,13.1,16444.8
2024-11-25,INV-00395,Yoga Pants,Apparel,1,1265.62,973.55,998.14,3.9,CUST-025,119,10.0,23164.09
2024-11-25,INV-00395,Floor Lamp,Home,1,1379.29,1060.99,955.68,4.6,CUST-025,119,10.0,23164.09
2024-11-25,INV-00395,Jump Rope,Health,2,1167.43,449.01,398.09,4.1,CUST-025,119,10.0,23164.09
2024-11-25,INV-00395,Massage Gun,Health,1,5267.9,4052.23,4320.9,4.6,CUST-025,119,10.0,23164.09
2024-11-26,INV-00155,Desk Chair,Home,5,32500.0,5000,5000,4.2,CUST-014,16,14.6,16384.31
2024-11-26,INV-00155,Multivitamin Capsules,Health,5,2663.18,409.72,471.65,4.3,CUST-014,16,14.6,16384.31
2024-11-26,INV-00155,Laptop Stand,Electronics,2,1400.33,538.59,493.46,4.4,CUST-014,16,14.6,16384.31
2024-11-26,INV-00372,Denim Jeans,Apparel,5,5817.69,895.03,807.51,4.5,CUST-024,32,3.3,16419.31
2024-11-29,INV-00040,Sofa,Home,1,6500.0,5000,5000,4.4,CUST-025,119,10.0,23164.09
2024-11-29,INV-00040,Floor Lamp,Home,1,1056.3,812.54,739.29,4.2,CUST-025,119,10.0,23164.09
2024-11-29,INV-00248,Winter Jacket,Apparel,5,15245.95,2345.53,2386.82,3.5,CUST-010,36,3.2,38374.1
2024-11-29,INV-00248,Portable Speaker,Electronics,4,4577.09,880.21,922.3,4.8,CUST-010,36,3.2,38374.1
2024-12-01,INV-00032,Bed Frame,Home,1,7500.0,5000,5000,4.7,CUST-005,28,4.3,24876.71
2024-12-01,INV-00032,Area Rug,Home,2,6328.08,2109.36,2143.36,3.6,CUST-005,28,4.3,24876.71
2024-12-01,INV-00130,Protein Powder,Food,4,7631.82,1271.97,1291.85,3.7,CUST-009,104,3.2,18059.35
2024-12-01,INV-00130,Bookshelf,Home,1,5779.24,3852.83,4476.99,3.8,CUST-009,104,3.2,18059.35
2024-12-01,INV-00185,Smart Home Hub,Electronics,1,5569.76,3713.17,3350.03,3.8,CUST-023,78,9.9,22297.32
2024-12-01,INV-00185,Tablet Stand,Electronics,1,992.88,661.92,700.34,4.8,CUST-023,78,9.9,22297.32
2024-12-01,INV-00185,Water Bottle 1L,Health,1,996.13,664.09,617.04,4.3,CUST-023,78,9.9,22297.32
2024-12-01,INV-00185,Winter Jacket,Apparel,3,8817.57,1959.46,2050.86,4.6,CUST-023,78,9.9,22297.32
2024-12-02,INV-00102,Sports Shorts,Apparel,4,2781.9,463.65,523.55,3.7,CUST-024,32,3.3,16419.31
2024-12-02,INV-00102,Bookshelf,Home,3,17798.13,3955.14,4184.86,4.7,CUST-024,32,3.3,16419.31
2024-12-02,INV-00113,Olive Oil Extra Virgin,Food,5,6940.12,925.35,838.19,4.0,CUST-024,32,3.3,16419.31
2024-12-02,INV-00218,Denim Jeans,Apparel,2,4726.86,1575.62,1562.75,4.9,CUST-006,72,3.8,26695.61
2024-12-02,INV-00218,Track Pants,Apparel,2,3167.43,1055.81,970.45,4.6,CUST-006,72,3.8,26695.61
2024-12-03,INV-00300,USB-C Hub,Electronics,1,1687.98,1125.32,1031.88,4.2,CUST-017,91,2.0,27128.01
2024-12-04,INV-00142,Wall Clock,Home,2,1526.91,508.97,510.59,4.8,CUST-022,90,14.1,26625.34
2024-12-04,INV-00142,Yoga Pants,Apparel,5,9469.5,1262.6,1194.24,4.1,CUST-022,90,14.1,26625.34
2024-12-05,INV-00246,Sports Shorts,Apparel,1,1061.04,707.36,719.58,3.7,CUST-007,70,6.9,19069.94
2024-12-05,INV-00246,Denim Jeans,Apparel,5,8371.88,1116.25,1185.14,3.9,CUST-007,70,6.9,19069.94
2024-12-05,INV-00246,Jump Rope,Health,1,330.21,220.14,205.93,4.1,CUST-007,70,6.9,19069.94
2024-12-06,INV-00111,Area Rug,Home,5,18827.92,2510.39,2426.92,4.3,CUST-006,72,3.8,26695.61
2024-12-07,INV-00294,Vitamin C Supplement,Health,5,3380.25,450.7,507.13,3.7,CUST-002,32,4.1,29985.91
2024-12-07,INV-00294,Tablet Stand,Electronics,4,3572.7,595.45,557.37,4.5,CUST-002,32,4.1,29985.91
2024-12-08,INV-00260,Sofa,Home,1,7500.0,5000,5000,5.0,CUST-002,32,4.1,29985.91
2024-12-08,INV-00260,Dark Chocolate Bar,Food,3,1060.74,235.72,232.2,4.8,CUST-002,32,4.1,29985.91
2024-12-09,INV-00416,Bluetooth Headphones,Electronics,3,8913.06,1980.68,2234.27,3.7,CUST-020,59,9.9,15863.62
2024-12-10,INV-00148,Yoga Mat,Health,5,6980.33,930.71,955.81,3.8,CUST-013,104,1.6,19458.15
2024-12-10,INV-00235,Olive Oil Extra Virgin,Food,2,2347.53,782.51,854.64,4.9,CUST-021,48,6.0,27466.66
2024-12-12,INV-00190,Running Shoes,Apparel,2,5514.6,1838.2,1957.0,3.6,CUST-002,32,4.1,29985.91
2024-12-12,INV-00190,Massage Gun,Health,1,4253.57,2835.71,2504.49,4.7,CUST-002,32,4.1,29985.91
2024-12-12,INV-00190,Wireless Mouse,Electronics,3,3436.83,763.74,854.63,4.5,CUST-002,32,4.1,29985.91
2024-12-15,INV-00174,USB-C Hub,Electronics,2,3025.68,1008.56,862.44,4.2,CUST-011,44,2.4,16437.24
2024-12-16,INV-00330,Herbal Honey,Food,4,4036.44,672.74,610.45,4.4,CUST-019,30,13.1,16444.8
2024-12-16,INV-00330,Resistance Bands Set,Health,5,8230.65,1097.42,1060.8,3.7,CUST-019,30,13.1,16444.8
2024-12-16,INV-00330,Yoga Pants,Apparel,1,1803.55,1202.37,1331.15,3.9,CUST-019,30,13.1,16444.8
2024-12-16,INV-00349,Yoga Pants,Apparel,2,3140.91,1046.97,1120.27,4.9,CUST-004,76,6.9,3132.29
2024-12-16,INV-00349,Protein Powder,Food,5,14983.88,1997.85,1778.62,3.7,CUST-004,76,6.9,3132.29
2024-12-16,INV-00349,Running Shoes,Apparel,2,7020.66,2340.22,2285.91,4.8,CUST-004,76,6.9,3132.29
2024-12-16,INV-00349,Wireless Mouse,Electronics,1,992.29,661.53,672.88,4.5,CUST-004,76,6.9,3132.29
2024-12-16,INV-00360,Knit Sweater,Apparel,5,11723.4,1563.12,1513.81,4.7,CUST-005,28,4.3,24876.71
2024-12-16,INV-00360,External SSD,Electronics,5,31464.45,4195.26,4649.67,3.8,CUST-005,28,4.3,24876.71
2024-12-16,INV-00360,Whey Protein,Health,2,7829.94,2609.98,2373.03,4.6,CUST-005,28,4.3,24876.71
2024-12-16,INV-00360,Smart Watch,Electronics,3,15395.26,3421.17,3230.04,3.8,CUST-005,28,4.3,24876.71
2024-12-17,INV-00027,Organic Green Tea,Food,2,1277.67,425.89,432.86,4.1,CUST-018,99,5.1,5032.1
2024-12-17,INV-00027,Herbal Honey,Food,3,3186.63,708.14,699.64,4.8,CUST-018,99,5.1,5032.1
2024-12-18,INV-00318,Yoga Mat,Health,3,7067.74,1570.61,1674.79,4.1,CUST-016,114,13.1,23939.38
2024-12-18,INV-00318,Resistance Bands Set,Health,1,1748.58,1165.72,1167.44,4.3,CUST-016,114,13.1,23939.38
2024-12-18,INV-00318,Leather Belt,Apparel,2,1938.81,646.27,557.08,4.3,CUST-016,114,13.1,23939.38
2024-12-19,INV-00211,USB-C Hub,Electronics,3,3381.48,751.44,731.53,4.0,CUST-011,44,2.4,16437.24
2024-12-19,INV-00211,Track Pants,Apparel,2,3125.22,1041.74,1050.33,3.7,CUST-011,44,2.4,16437.24
2024-12-19,INV-00230,Herbal Honey,Food,2,1658.82,552.94,639.9,3.7,CUST-013,104,1.6,19458.15
2024-12-19,INV-00230,Wall Clock,Home,4,5670.6,945.1,962.4,3.8,CUST-013,104,1.6,19458.15
2024-12-19,INV-00230,Mechanical Keyboard,Electronics,2,5346.12,1782.04,1603.19,4.2,CUST-013,104,1.6,19458.15
2024-12-20,INV-00201,Yoga Pants,Apparel,4,7540.32,1256.72,1096.27,4.6,CUST-008,36,12.3,2246.95
2024-12-20,INV-00238,Cotton T-Shirt,Apparel,4,4109.7,684.95,627.64,4.4,CUST-020,59,9.9,15863.62
2024-12-20,INV-00238,Jump Rope,Health,5,3498.75,466.5,504.29,4.8,CUST-020,59,9.9,15863.62
2024-12-21,INV-00091,Yoga Mat,Health,2,2887.26,962.42,1042.56,4.9,CUST-022,90,14.1,26625.34
2024-12-21,INV-00091,Foam Roller,Health,3,3990.33,886.74,837.5,4.1,CUST-022,90,14.1,26625.34
2024-12-21,INV-00177,Track Pants,Apparel,3,2567.43,570.54,500.88,4.8,CUST-014,16,14.6,16384.31
2024-12-21,INV-00177,Smart Home Hub,Electronics,2,7541.22,2513.74,2595.5,4.5,CUST-014,16,14.6,16384.31
2024-12-22,INV-00147,Hooded Sweatshirt,Apparel,2,3399.21,1133.07,1265.04,4.7,CUST-011,44,2.4,16437.24
2024-12-22,INV-00147,Denim Jeans,Apparel,5,12940.8,1725.44,1907.25,4.3,CUST-011,44,2.4,16437.24
2024-12-22,INV-00147,Smartphone Charger,Electronics,1,463.15,308.77,303.63,4.9,CUST-011,44,2.4,16437.24
2024-12-22,INV-00147,Throw Pillow,Home,2,2082.24,694.08,762.57,3.6,CUST-011,44,2.4,16437.24
2024-12-24,INV-00188,Winter Jacket,Apparel,2,7730.88,2576.96,2557.74,3.7,CUST-013,104,1.6,19458.15
2024-12-24,INV-00188,Cotton T-Shirt,Apparel,3,2119.05,470.9,436.15,4.9,CUST-013,104,1.6,19458.15
2024-12-24,INV-00188,Portable Speaker,Electronics,1,1482.48,988.32,950.81,3.6,CUST-013,104,1.6,19458.15
2024-12-24,INV-00210,Mechanical Keyboard,Electronics,1,3951.06,2634.04,2484.04,4.7,CUST-001,82,2.6,30178.92
2024-12-24,INV-00210,External SSD,Electronics,3,21807.72,4846.16,5000,4.1,CUST-001,82,2.6,30178.92
2024-12-24,INV-00210,Desk Chair,Home,3,22500.0,5000,5000,4.1,CUST-001,82,2.6,30178.92
2024-12-24,INV-00210,Bookshelf,Home,4,23546.58,3924.43,3763.81,4.8,CUST-001,82,2.6,30178.92
2024-12-25,INV-00103,Wall Clock,Home,2,1935.03,645.01,632.48,4.9,CUST-022,90,14.1,26625.34
2024-12-25,INV-00172,Tablet Stand,Electronics,4,3940.2,656.7,667.04,3.7,CUST-005,28,4.3,24876.71
2024-12-25,INV-00172,Organic Green Tea,Food,1,592.05,394.7,378.05,4.5,CUST-005,28,4.3,24876.71
2024-12-26,INV-00198,Bookshelf,Home,4,25023.36,4170.56,4337.34,4.5,CUST-012,46,12.9,24941.59
2024-12-26,INV-00198,Sports Shorts,Apparel,5,3824.48,509.93,509.73,4.7,CUST-012,46,12.9,24941.59
2024-12-26,INV-00198,Vitamin C Supplement,Health,3,1767.42,392.76,358.96,4.6,CUST-012,46,12.9,24941.59
2024-12-26,INV-00203,Summer Dress,Apparel,1,1953.15,1302.1,1267.93,3.7,CUST-016,114,13.1,23939.38
2024-12-26,INV-00273,Whey Protein,Health,5,16790.78,2238.77,2220.33,4.0,CUST-001,82,2.6,30178.92
2024-12-27,INV-00358,Leather Belt,Apparel,5,5431.88,724.25,771.22,4.2,CUST-003,87,11.4,22723.93
2024-12-27,INV-00358,Herbal Honey,Food,5,2871.15,382.82,413.9,3.8,CUST-003,87,11.4,22723.93
2024-12-27,INV-00358,Olive Oil Extra Virgin,Food,3,3761.78,835.95,824.35,4.0,CUST-003,87,11.4,22723.93
2024-12-29,INV-00061,Yoga Mat,Health,1,1317.99,878.66,885.18,3.8,CUST-008,36,12.3,2246.95
2024-12-29,INV-00061,Foam Roller,Health,3,5871.6,1304.8,1502.89,4.7,CUST-008,36,12.3,2246.95
2024-12-29,INV-00119,Dark Chocolate Bar,Food,4,1049.7,174.95,164.71,3.5,CUST-023,78,9.9,22297.32
2024-12-29,INV-00119,Sofa,Home,5,37500.0,5000,5000,3.7,CUST-023,78,9.9,22297.32
2024-12-29,INV-00244,USB-C Hub,Electronics,3,4429.58,984.35,986.96,4.2,CUST-015,71,5.1,25888.31
2024-12-29,INV-00244,Whey Protein,Health,3,9896.22,2199.16,2382.89,4.3,CUST-015,71,5.1,25888.31
2024-12-29,INV-00370,Polo T-Shirt,Apparel,2,2879.16,959.72,1000.16,4.8,CUST-016,114,13.1,23939.38
2024-12-29,INV-00370,Formal Shirt,Apparel,3,4794.3,1065.4,1218.3,4.9,CUST-016,114,13.1,23939.38
2024-12-29,INV-00370,Floor Lamp,Home,2,1940.46,646.82,606.94,4.2,CUST-016,114,13.1,23939.38
2024-12-29,INV-00419,Polo T-Shirt,Apparel,2,2066.19,688.73,672.99,4.6,CUST-012,46,12.9,24941.59
2024-12-29,INV-00419,Mechanical Keyboard,Electronics,2,7596.09,2532.03,2614.63,4.4,CUST-012,46,12.9,24941.59
2024-12-30,INV-00156,Whey Protein,Health,4,16663.86,2777.31,2755.56,4.6,CUST-025,119,10.0,23164.09
2024-12-30,INV-00156,Denim Jeans,Apparel,5,7394.03,985.87,990.52,4.6,CUST-025,119,10.0,23164.09
2024-12-30,INV-00156,Desk Chair,Home,1,7500.0,5000,5000,4.0,CUST-025,119,10.0,23164.09
2024-12-30,INV-00181,Leather Belt,Apparel,2,1369.53,456.51,428.21,5.0,CUST-021,48,6.0,27466.66
2024-12-30,INV-00181,Hooded Sweatshirt,Apparel,1,1578.54,1052.36,1093.13,4.0,CUST-021,48,6.0,27466.66
2024-12-30,INV-00181,Curtain Set,Home,2,4155.18,1385.06,1241.87,3.6,CUST-021,48,6.0,27466.66
2024-12-30,INV-00181,Throw Pillow,Home,3,2316.74,514.83,530.75,4.5,CUST-021,48,6.0,27466.66
